english,chinese,symbol,symbol_br,phrase,similar,unit
a/an,一（个）,,,,,unit-01
able,"adj.能...的,有才能的,能干的,能够的",_əbl,_əbl,,,unit-01
about,"adv.附近,大约,转向,左右,周围;prep.在附近,关于,在...周围,忙于",ə`baʊt,əˈbaut,,,unit-01
above,"adj.上面的,上述的,上文的;adv.在上面;prep.在...上方,过于,超出",ə`bʌv,əˈbʌv,,,unit-01
abroad,"adv.往国外,到处,海外,广泛,差得远,心里没有谱",ə`brɔd,əˈbrɔ:d,,,unit-01
across,"adv.横过,交叉地,在对面 prep.越过,交叉,在...的那边,在...对面那边",ə`krɔs,əˈkrɔs,across from: 在...对面; across: 从一端到另一端,through: 通过，从物体内部空间穿过,unit-01
act,"n.幕,法案,法令,动作,举动,节目,(戏剧的)幕vi.行动,产生...的效果,担当,表演,假装,表现,见效vt.扮演,装作",ækt,ækt,act in a play,,unit-01
active,"adj.积极的,能起作用的,现行的,[语法]主动的,活动的,活跃的,活性的;n.[语法] 主动语态,积极分子",`æktɪv,ˈæktiv,,,unit-01
actor,"n.男演员,行动者,参与者",`æktɚ,ˈæktə,,,unit-01
add,"vt.增加,添加,计算...总和,补充说,又说;vi.加,加起来,增添,做加法",æd,æd,,,unit-01
address,"n.地址,致辞,演讲,说话的技巧vt.向...致辞,演说,写姓名地址,从事,忙于","ə`drɛs,`ædrɛs",əˈdres,,,unit-01
advice,"n.忠告,建议,[商]通知",əd`vaɪs,ədˈvais,advice on: 有关...的建议,,unit-01
afford,"vt.提供,给予,供应得起,","ə`ford,ə`fɔrd",əˈfɔ:d,,,unit-01
afraid,"adj.害怕,担心",ə`fred,əˈfreid,be afraid of st.; be afraid to do st.,,unit-01
after,"adv.prep.conj.在...之后,在...后面,模仿,与...一致,以...命名,后来的,后面的",`æftɚ,ˈɑ:ftə,after class,,unit-01
afternoon,"n.午后,下午adv.下午的,晚期",ˌæftɚ`nun,ˌɑ:ftəˈnu:n,,,unit-01
again,"adv.又,再次,此外,再一次",ə`gɛn,əˈɡen,again and again: 一再,,unit-01
age,"n.年龄,成年,使用年限,同时期的人,时代v.变老,上年纪,成熟",edʒ,eidʒ,at the age of: 在...岁时,,unit-01
ago,"adv.以前的,以往的",ə`go,əˈɡou,an hour ago; a week ago,,unit-01
agree,"vi.同意,赞成...的意见,与...一致,承认,适合vt.同意",ə`gri,əˈɡri:,agree with: 同意,,unit-01
ahead,"adj.adv.在前,向前,提前,在前面",ə`hɛd,əˈhed,ahead of,,unit-01
air,"n.空气,样子,天空,空中,曲调vt.晾干,使通风,宣扬,夸耀,显示","ɛr,ær",ɛə,by air: 乘飞机,,unit-01
airport,"n.<主美>小型民用机场,私人飞机降落场","`ɛrˌport,-ˌpɔrt",ˈɛəpɔ:t,,,unit-01
all,"adj.全部的,所有的,整个的adv.完全,更加,越发 pron.全部",ɔl,ɔ:l,,,unit-01
almost,"adv.几乎,差不多","ɔl`most,`ɔlˌmost",ˈɔ:lmoust,,,unit-01
along,"adv.往前,向前 prep.顺着,沿着",ə`lɔŋ,əˈlɔŋ,get along with: 与...相处,,unit-01
already,adv.已经,ɔl`rɛdɪ,ɔ:lˈredi,,,unit-01
also,"adv.也,同样",`ɔlso,ˈɔ:lsou,,,unit-01
always,"adv.总是,永远,始终","`ɔlwɪz,_wəz,_wez","ˈɔ:lweiz,_wəz,_wɪz",,,unit-01
and," conj.和,及,并,然后,接着又 /conj.及(或)",,,,,unit-01
angry,"adj.生气的,愤怒的,狂暴的(风雨等)",`æŋgrɪ,ˈæŋɡri,,,unit-01
animal,n.动物,`ænəml,ˈæniml,,,unit-01
another,"adj.另外的,又一,不同的 prep.另一个,另一个人,同类的东西",ə`nʌðɚ,əˈnʌðə,one another: 彼此，相互,,unit-01
answer,"n.答案,回答,答辩,抗辩v.回答说,答复说,符合,反响,响应",`ænsɚ,ˈɑ:nsə,answer the phone,,unit-01
any,"adj.任何的,任何一种,所有的 pron.无论那一个,任何",`ɛnɪ,ˈeni,,,unit-01
anywhere,adv.无论何处,"`ɛnɪˌhwɛr,-ˌwɛr","ˈeniwɛə,_hwɛə",,,unit-02
appear,"vi.出现,看来,似乎,公开露面,出版,发表",ə`pɪr,əˈpiə,,,unit-02
army,"n.陆军,军队,大群,大军",`ɑrmɪ,ˈɑ:mi,,,unit-02
around,"adv.周围,四周,到处,大约,左右 prep.在...周围,四处",ə`raʊnd,əˈraund,,,unit-02
arrive,"vi.到达,抵达",ə`raɪv,əˈraiv,arrive at; arrive in,,unit-02
art,"n.艺术,艺术品,技术,巧妙,美术",ɑrt,ɑ:t,,,unit-02
artist,"n.艺术家,画家",`ɑrtɪst,ˈɑ:tist,,,unit-02
as,"adv.同样地,被看作,象 prep.当做 conj.与...一样,当...之时,象,因为 [域] American Samoa,东萨摩亚 [军] Air to Surface,空对地 (As)symb [化]砷 (arsenic)",,,,,unit-02
ask,"vi.询问,问,要求vt.问,要求,需要,邀请",æsk,ɑ:sk,ask for; ask the way; ask ... for help,,unit-02
at," prep.在,于,向,对准,在...方面;Austria,奥地利",,,at once: 立刻,,unit-02
attend,"vt.出席,参加,照顾,护理,注意vi.专心,留意",ə`tɛnd,əˈtend,,,unit-02
attention,"n.注意,关心,关注,注意力,(口令)立正!",ə`tɛnʃən,əˈtenʃn,pay attention to,,unit-02
aunt,"n.姑妈,伯母,舅妈,阿姨",ænt,ɑ:nt,,,unit-02
autumn,"n.秋天,成熟期,渐衰期",`ɔtəm,ˈɔ:təm,,,unit-02
away,"adv.在远处,到远处,离去",ə`we,əˈwei,"go away, get away",,unit-02
baby,n.婴孩,`bebɪ,ˈbeibi,,,unit-02
back,"adj.后面的,在后面,早过去的,前(欠)的钱adv.向后地n.背部,后面v.后退,支持",bæk,bæk,,,unit-02
bad,"adj.劣质的,有害的,坏的,不利的,不健康的,严重的",bæd,bæd,,,unit-02
bag,"n.袋子,猎获物",bæg,bæɡ,,,unit-02
bake,"v.烘焙,烤,烧硬",bek,beik,,,unit-02
ball,"n.球,球状物,子弹,舞会,尽情地玩",bɔl,bɔ:l,,,unit-02
balloon,n.气球,bə`lun,bəˈlu:n,,,unit-02
bamboo,n.竹子,bæm`bu,bæmˈbu:,,,unit-02
banana,n.香蕉,bə`nænə,bəˈnɑ:nə,,,unit-02
bank,"n.银行,堤,岸,沙洲,浅滩,一堆(土),(云)层,储藏所(库)vt.存(款)于银行,储蓄,(车或飞机)倾斜转弯",bæŋk,bæŋk,,,unit-02
bar,"n.条,棒(常用作栅栏,扣栓物),横木,酒吧间,栅,障碍物vt.禁止,阻挡,妨碍,把门关住,除...之外,(Bar)律师业 /n.条形/柱形图",bɑr,bɑ:,,,unit-02
baseball,"n.棒球,棒球运动",`besˌbɔl,ˈbeisbɔ:l,,,unit-02
basket,"n.篮,一篮",`bæskɪt,ˈbɑ:skit,,,unit-02
basketball,"n.篮球,篮球运动",,,,,unit-02
bat,"n.蝙蝠,球棒v.用球棒击球 [计] 批处理文件的扩展名 [军] Basic Armor Training,装甲兵基础训练",bæt,bæt,,,unit-02
bath,"n.沐浴,浴室",bæθ,bɑ:θ,,,unit-02
bathroom,"n.浴室,盥洗室","`bæθˌrum,_rʊm","ˈbɑ:θru:m,_rum",,,unit-02
be," prep.是,在,存在 [域] Belgium ,比利时 [军] Base Ejection,弹底喷射 symb [化]铍 Be(beryllium)",,,,,unit-02
beach,n.海滩,bitʃ,bi:tʃ,,,unit-02
beautiful,"adj.美丽的,很好的",`bjutəfəl,"ˈbju:təful,_tif_",,,unit-02
because, conj.adv.因为,"bɪ`kɔz,bə_","biˈkɔz,bə_",,,unit-03
become,"vi.变成,成为,变得vt.适合,相称",bɪ`kʌm,"biˈkʌm,bə_",,,unit-03
bed,"n.床,基础,路基,河底,海底,一堆,一层vt.安置,嵌入,使睡,栽种vi.上床,分层  教育学士 BEd(Bachelor of Education)",bɛd,bed,,,unit-03
bedroom,n.卧室,"`bɛdˌrum,_rʊm","ˈbedrum,_ru:m",,,unit-03
beef,n.牛肉,bif,bi:f,,,unit-03
before,"adv.在前,以前 prep.在...之前 conj.在...之前,与其...宁可","bɪ`for,bə_,_`fɔr","biˈfɔ:,bə_",,,unit-03
begin,"v.开始,首先",bɪ`gɪn,biˈɡin,,,unit-03
behind,adv.在后地 prep.在...之后,bɪ`haɪnd,"biˈhaind,bə_",,,unit-03
believe,"v.有坚定的宗教信仰的,相信,信任,认为,想","bə`liv,bɪ_","biˈli:v,bə_",,,unit-03
bell,"n.铃,钟",bɛl,bel,,,unit-03
beside," prep.在旁边,和...比较",bɪ`saɪd,biˈsaid,,,unit-03
bet,"n.赌,打赌v.赌,赌钱",bɛt,bet,,,unit-03
between," prep.在...之间,连接...,由...协力合作",bə`twin,"biˈtwi:n,bə_",,,unit-03
big,"adj.大的,重要的,量大的,重要的adv.夸大地,顺利",bɪg,biɡ,,,unit-03
bike,"n.脚踏车,自行车",baɪk,baik,,,unit-03
bird,"n.鸟,<俚>人vi.在野外观察或鉴别鸟类",bʒd,bə:d,,,unit-03
birthday,n.生日,`bʒθˌde,ˈbə:θdei,,,unit-03
bite,咬,,,,,unit-03
blackboard,n.黑板,"`blækˌbord,-ˌbɔrd",ˈblækbɔ:d,,,unit-03
blanket,n.毯子vt.覆盖,`blæŋkɪt,ˈblæŋkit,,,unit-03
blind,"adj.瞎的,盲目的vt.使失明,缺乏眼光或判断力",blaɪnd,blaind,,,unit-03
blood,"n.血,血液,血统v.使(某人)先取得经验",,,,,unit-03
blow,"n.殴打,突然的打击v.风吹,吹气于,叫,喘气",,,,,unit-03
board,"n.木板,(供特殊用途的)木板,甲板,膳食费用,会议桌,部vt.用板盖上,包饭,提供膳食,上(船、飞机等)","bord,bɔrd",bɔ:d,,,unit-03
boat,"n.小船,艇v.划船",,,,,unit-03
book,"n.书,书籍,卷,篇,帐簿,名册,工作簿v.登记,预订,控告",,,,,unit-03
bored,"adj.无聊的,无趣的,烦人的,","bord,bɔrd",bɔ:d,,,unit-03
boring,n.钻(孔)adj.令人厌烦的,"`borɪŋ,`bɔr_",ˈbɔ:riŋ,,,unit-03
born,"adj.天生的,原本,天生就...的 vbl.出生",bɔrn,bɔ:n,,,unit-03
borrow,"v.借,借入,借用","`bɔro,`bɑro",ˈbɔrou,,,unit-03
both,"adj.两者,双方的 pron.双方,两者",,,,,unit-03
bottle,n.瓶子vt.用瓶装,`bɑtl,ˈbɔtl,,,unit-03
bottom,"n.底,底部,尽头,末端adj.底部的vt.装底,查明真相,测量深浅vi.到达底部,建立基础",`bɑtəm,ˈbɔtəm,,,unit-03
bowl,"n.碗,碗状物,木球v.滚,(板球)投球",,,,,unit-03
box,"n.盒子,箱,包厢,岗亭,一拳v.装...入盒中,打耳光,拳击",bɑks,bɔks,,,unit-03
boy,"n.男孩,儿子,孩子气的人,男仆",bɔɪ,bɔi,,,unit-03
brave,adj.勇敢的,brev,breiv,,,unit-04
bread,"n.面包,生计",brɛd,bred,,,unit-04
break,"n.休息,暂停,破裂,突变v.打破,违犯,折断,削弱,超过,突变",brek,breik,take a break: 休息一下,,unit-04
breakfast,n.早餐vi.进早餐,`brɛkfəst,ˈbrekfəst,,,unit-04
bridge,"n.桥,船桥,鼻梁,桥牌vt.架桥,渡过;网桥",brɪdʒ,bridʒ,,,unit-04
bright,"adj.明亮的,辉煌的,欢快的,聪明的,伶俐的",braɪt,brait,,,unit-04
bring,"vt.拿来,带来,产生,引起,提出(诉讼)vi.停下",brɪŋ,briŋ,,,unit-04
broom,"n.扫帚,[植]金雀花vt.扫除",,,,,unit-04
brush,"n.刷子,毛刷,画笔vt.刷,掸,拂",,,,,unit-04
build,"v.建造,建筑n.构造,体格,体形",bɪld,bild,,,unit-04
burn,"v.烧,烧焦,点(灯),使感觉烧热n.烧伤,灼伤",bʒn,bə:n,,,unit-04
bus,"n.公共汽车,总线",,,,,unit-04
businessman,n.商人,ˌmæn,_mæn,,,unit-04
busy,"adj.忙碌的,热闹的,临时占用的",`bɪzɪ,ˈbizi,,,unit-04
but," prep.除...以外 conj.而是,但是adv.几乎,仅仅",,,,,unit-04
buy,"v.买n.购买,买卖",baɪ,bai,,,unit-04
by," prep.在附近,在旁边,经,由,依据,按照,通过,用adv.通过,经过,附近 [域] Belarus,白俄罗斯",,,,,unit-04
cage,"n.笼,槛,(矿井)贯笼",kedʒ,keidʒ,,,unit-04
cake,"n.蛋糕,饼,块,",kek,keik,,,unit-04
call,"n.喊声,叫声,命令,号召,访问,叫牌,通话,必要v.呼叫,召集,称呼,认为,命名,打电话",kɔl,kɔ:l,call on the phone: 打电话; call out: 召集; call up: 回忆起,,unit-04
camera,n.照相机,`kæmərə,ˈkæmərə,,,unit-04
camp,"n.露营地,阵营vi.露营,扎营",kæmp,kæmp,,,unit-04
can,"vt.装进罐中,把食品装罐n.罐头,铁罐 conj.能,可以",,,,,unit-04
candle,n.蜡烛vt.对着光检查,`kændl,ˈkændl,,,unit-04
candy,"n.糖果,冰糖v.蜜饯,糖煮(水果)",`kændɪ,ˈkændi,,,unit-04
capital,"n.首都,首府,大写字母,资本,资金,资产adj.首都的,重要的,死罪的,大写的,<口>极好的",`kæpətl,ˈkæpitl,,,unit-04
car,"n.汽车,小汽车,车辆,客车,[铁]车厢",kɑr,kɑ:,,,unit-04
card,"n.纸牌,卡片",kɑrd,kɑ:d,,,unit-04
care,"n.注意,照料,烦恼,忧虑,由...转交vi.关心,顾虑,照顾,喜爱vt.在意","kɛr,kær",kɛə,,,unit-04
careful,"adj.小心的,仔细的",`kɛrfəl,ˈkɛəful,,,unit-04
carry,"n.进位,射程,运载vt.携带,运送,支持,支撑,传送,意味vi.被携带,能达到",`kærɪ,ˈkæri,,,unit-04
cartoon,"n.(报刊上的)政治性漫画,讽刺画,卡通画,漫画(常有解说词)v.画漫画n.卡通片,动画片",kɑr`tun,kɑ:ˈtu:n,,,unit-04
case,"n.事,病例,案例,情形,场合,讼案,容器,(语法)格",kes,keis,,,unit-04
cat,猫,,,,,unit-04
catch,"n.捕捉,捕获物,(窗)钩v.捕获,赶上(车船等),发觉,感染(疾病)vi.抓住,燃着",kætʃ,kætʃ,catch a cold: 感冒; catch up with: 赶上...; catch a bus: 赶公交车,,unit-04
cave,"n.洞穴,窑洞vi.凹陷,投降vt.挖洞,使凹陷",kev,keiv,,,unit-05
celebrate,"v.庆祝,祝贺,表扬,赞美,举行",`sɛləˌbret,ˈselibreit,,,unit-05
centre,"n.中心,中央,中心区v.集中",`sɛntɚ,ˈsentə,,,unit-05
central,"adj.中心的,中央的,重要的,主要的,中枢的,走中间道路的n.<美>电话总机",`sɛntrəl,ˈsentrəl,,,unit-05
chance,"n.机会,可能性,偶然性,运气v.碰巧,偶然发生,冒...的险adj.偶然的",tʃæns,tʃɑ:ns,,,unit-05
change,"n.改变,变化,转变,找回的零钱,找头,辅币vt.改变,变革,改造,兑换",tʃendʒ,tʃeindʒ,,,unit-05
cheap,"adj.便宜的,不值钱的",tʃip,tʃi:p,,,unit-05
check,"n.阻止,制止,控制,阻止物,支票,检讫的记号,饭馆的帐单vt.检查,制止,核对,寄存,托运vi.证明无误,核对无误,逐项相符,[象棋]将军",tʃɛk,tʃek,,,unit-05
cheer,"n.愉快,欢呼v.(使)快活,(对)欢呼",tʃɪr,tʃiə,,,unit-05
chess,n.国际象棋,tʃɛs,tʃes,,,unit-05
child,"n.孩子,儿女,子孙,(头脑、空想等的)产物,弟子,追随者",tʃaɪld,tʃaild,,,unit-05
children,"n.(pl.)孩子,孩子们",`tʃɪldrən,ˈtʃildrən,,,unit-05
choose,"v.选择,选定",,,,,unit-05
chopstick,筷子,,,,,unit-05
church,"n.教堂,礼拜堂,教会,教派,[宗]礼拜",tʃʒtʃ,tʃə:tʃ,go to church,,unit-05
cinema,"n.电影院,电影",`sɪnəmə,ˈsinəmə,,,unit-05
circle,"n.圆周,圆形物,派系,循环v.围,环绕 盘旋",`sʒkl,ˈsə:kl,,,unit-05
city,"n.城市,都市,全体居民,城邦",`sɪtɪ,ˈsiti,,,unit-05
class,"n.班级,阶级,社会等级,种类,(一节)课vt.把...分类(或分等级)",,,,,unit-05
classmate,n.同班同学,`klæsˌmet,ˈklɑ:smeit,,,unit-05
classroom,n.教室,`klæsˌrum,ˈklɑ:sru:m,,,unit-05
clean,"adj.清洁的,干净的,清白的v.打扫,使干净,清扫",klin,kli:n,,,unit-05
clear,"adj.清楚的,清晰的,清澈的,光亮的,空旷的,有条理的adv.清楚地,完全地v.扫除,清除,晴,跳过,净得",klɪr,kliə,,,unit-05
clever,"adj.机灵的,聪明的",`klɛvɚ,ˈklevə,,,unit-05
climb,"v.攀登,爬n.攀登,爬",klaɪm,klaim,,,unit-05
clock,n.时钟,klɑk,klɔk,,,unit-05
close,"v.关,关闭,结束,停止,使靠近,靠拢,会合,包围n.结束adj.近的,紧密的,精密的,齐根的,封闭的,亲密的,闷气的adv.接近,紧密地",,,,,unit-05
clothes,"n.衣服,[总称]被褥,各种衣服,<美俚>家丑",,,,,unit-05
cloud,"n.云,烟云,(pl.)天空,污点vt.以云遮敝,玷污,使黯然vi.乌云密布,阴沉",,,,,unit-05
cloudy,"adj.多云的,阴天的,阴沉",`klaʊdɪ,ˈklaudi,,,unit-05
club,"n.俱乐部,夜总会,社,棍棒,(高尔夫球等的)球棒,(扑克牌)梅花vt.棍打,协作,联合,把...当棍棒用",,,,,unit-05
coach,"n.四轮大马车,长途汽车,教练v.训练,指导",,,,,unit-05
coal,n.煤v.加煤,,,,,unit-05
coin,n.硬币vt.铸造(硬币),kɔɪn,kɔin,,,unit-05
cold,"n.寒冷,[物]零下温度,伤风,感冒adj.寒冷的,使人战栗的,冷淡的,不热情的,失去知觉的",,,,,unit-05
collect,"v.收集,聚集,集中,搜集adj.由收件人付款的adv.由收件人付款地",kə`lɛkt,kəˈlekt,,,unit-05
colour,"n.<英>(=color)颜色,气色,风格,外貌vt.把...涂颜色,粉饰,脸红,歪曲vi.变色",`kʌlɚ,ˈkʌlə,,,unit-06
comb,"n.梳子,梳,鸡冠,蜂巢vi.梳(发),搜索",,,,,unit-06
come,"vi.来,来临,到达,出现,来(自),出生(于),开始int.嗨! vbl.来,到达,合计为",,,,,unit-06
comfortable,adj.舒适的,`kʌmfɚtəbl,ˈkʌmfətəbl,,,unit-06
computer,"n.计算机,电脑",kəm`pjutɚ,kəmˈpju:tə,,,unit-06
concert,"n.音乐会,一致","`kɑnsʒt,_sɚt",ˈkɔnsət,,,unit-06
cook,"n.厨师v.烹调,煮,伪造",,,,,unit-06
cool,"n.凉爽,凉爽的空气adj.凉爽,冷静的,无所顾虑的,淡漠的v.使冷,使镇定",,,,,unit-06
copy,"n.副本,拷贝,摹仿,一册v.复印,复制,拷贝,抄袭",`kɑpɪ,ˈkɔpi,,,unit-06
corner,"n.角落,(街道)拐角处,(遥远的)地区,偏僻处,困境,绝路vt.迫至一隅,垄断,使陷入绝境,把...难住vi.相交成角,囤积(in)",`kɔrnɚ,ˈkɔ:nə,,,unit-06
correct,"adj.正确的,恰当的,端正的vt.改正,纠正,告诫,惩戒",kə`rɛkt,kəˈrekt,,,unit-06
cost,"n.成本,价钱,代价vt.价值为,(使)花费(金钱,时间,劳力等),使失去(生命,健康等),令人付出vi.花费",kɔst,kɔst,,,unit-06
count,"v.数,计算,计算在内,认为,有价值n.计数,计算,注意,伯爵",,,,,unit-06
country,"n.国家,国土,[总称]国民,乡村,故乡adj.乡下的,乡村的,[方]祖国的,故乡的",`kʌntrɪ,ˈkʌntri,,,unit-06
countryside,"n.乡下地方,乡下居民",`kʌntrɪˌsaɪd,ˈkʌntrisaid,,,unit-06
cover,"n.盖子,封面,藉口vt.覆盖,铺,掩饰,保护,掩护,包括,包含,适用vi.覆盖,涂,代替",`kʌvɚ,ˈkʌvə,,,unit-06
crayon,"n.有色粉笔,蜡笔,粉笔画",`kreən,ˈkreiən,,,unit-06
crop,"n.农作物,产量,平头,短发vt.收割,修剪,种植vi.收获",krɑp,krɔp,,,unit-06
cross,"n.十字,交叉,十字架,十字形物adj.交叉的,相反的,乖戾的v.使交叉,横过,勾划,错过,反对,杂交",krɔs,krɔs,cross the street,,unit-06
cry,"vi.哭,流泪v.叫,喊n.哭泣,哭声,叫喊,喊声",kraɪ,krai,,,unit-06
culture,"n.文化,文明",`kʌltʃɚ,ˈkʌltʃə,Chinese culture,,unit-06
cup,"n.杯子,酒杯,奖杯vt.使成杯状,为...拔火罐",,,,,unit-06
cut,"v.切(割、削),(直线等)相交,剪,截,刺穿,刺痛,删节,开辟n.(刀、剑、鞭等的)切削,削减,删节,伤口,切口",,,,,unit-06
cute,"adj.可爱的,聪明的,伶俐的,装腔作势的",,,,,unit-06
dance,"n.跳舞,舞蹈,舞会,舞曲,舞蹈艺术v.跳舞,舞蹈,(旗等)飘扬",dæns,dɑ:ns,,,unit-06
danger,"n.危险,危险物,威胁",`dendʒɚ,ˈdeindʒə,in danger: 处于危险中,,unit-06
dangerous,adj.危险的,"`dendʒərəs,_dʒrəs",ˈdeindʒərəs,Tigers are dangerous,,unit-06
dark,"n.黑暗,夜,黄昏,暗色,无知,模糊adj.黑暗的,暗的,(头发、皮肤等)黑色的,隐秘的,无知的,隐晦的,模糊的",dɑrk,dɑ:k,,,unit-06
date,"n.日期,日子,(历史上某一)年代,时期,约会,枣椰子vt.约会,定日期vi.注明...的日期,过时 [计] 显示或设置系统日期",det,deit,,,unit-06
day,"n.天,白天,日子,白昼,黎明,工作日,节日,重要日子",de,dei,,,unit-06
dead,"adj.死的,无感觉的,呆板的,不流动的,(语言、习惯)废弃了的,熄灭的n.死者adv.完全地,绝对的,突然的",dɛd,ded,,,unit-06
deaf,adj.聋的,dɛf,def,,,unit-06
dear,"adj.昂贵的,亲爱的int.[表示惊讶,怜悯等],Oh,～!",dɪr,diə,,,unit-06
decide,"v.决定,判决",dɪ`saɪd,diˈsaid,decide to do sth.,,unit-06
deep,"adj.深的,纵深的,远离中心的,深奥的,难懂的,(指人)诡计多端的,低沉的(声音)adv.深入地,迟n.深渊,深处",dip,di:p,The water is deep,,unit-06
degree,"n.度数,度,程度,[律](罪行的)轻重,学位,地位,身份,[数]次数",dɪ`gri,diˈɡri:,to some degree,,unit-07
delicious,adj.美味的,dɪ`lɪʃəs,diˈliʃəs,,,unit-07
dentist,n.牙科医生,`dɛntɪst,ˈdentist,,,unit-07
desert,"n.沙漠,应得的赏罚,功过adj.沙漠的,不毛的,荒凉的vt.放弃,遗弃,逃跑vi.逃掉,逃亡,开小差",`dɛzɚt,ˈdezət,,,unit-07
diary,n.日记,`daɪərɪ,ˈdaiəri,keep a diary,,unit-07
dictionary,"n.字典,词典",`dɪkʃənˌɛrɪ,"ˈdikʃənri,_ʃənəri",,,unit-07
die,"vi.死亡,消逝,平息,渴望,漠然,熄灭vt.死n.骰子,钢型,硬模,冲模",daɪ,dai,,,unit-07
different,adj.不同的,"`dɪfrənt,_fərənt","ˈdifrənt,_fərənt",,,unit-07
difficult,"adj.困难的,艰难的,(人)难相处的","`dɪfəˌkʌlt,_kəlt",ˈdifikəlt,,,unit-07
dig,"v.掘,挖,钻研,搜集",dɪg,diɡ,,,unit-07
direction,"n.方向,指导,趋势,(常用复数)指示,用法,说明(书),收件人地址","də`rɛkʃən,daɪ_","diˈrekʃən,dai_",,,unit-07
dirty,"adj.肮脏的,卑鄙的,下流的,暴风雨的,恶劣的(天气)vt.弄脏vi.变脏",`dʒtɪ,ˈdə:ti,,,unit-07
dish,"n.盘,碟,盘装菜v.提出 碟形卫星天线",dɪʃ,diʃ,,,unit-07
do,"v.做,实行,尽力,给予,可用,制作,算出,解答 [域] Dominican Republic ,多米尼加共和国",,,,,unit-07
dog,"n.狗,犬,类似犬的动物,卑鄙的人,小人,坏蛋vt.跟踪,尾随",dɔg,dɔɡ,,,unit-07
doll,"n.洋娃娃,玩偶,美丽但无头脑的女子,<俚>美男子","dɑl,dɔl",dɔl,,,unit-07
dollar,"n.元,美元",`dɑlɚ,ˈdɔlə,,,unit-07
door,"n.门,通道,家,户","dor,dɔr",dɔ:,,,unit-07
double,"n.两倍,[计] 双精度型adj.两倍的,双重的vt.使加倍vi.加倍,快步走,加倍努力",,,,,unit-07
dragon,"n.龙,凶暴的人,严厉而有警觉性的女人",`drægən,ˈdræɡən,,,unit-07
draw,"v.拉,曳,牵,画,绘制,拖曳vt.汲取,领取,提取,引起,吸引vi.向...移动,挨近n.平局,和局,拖曳",drɔ,drɔ:,,,unit-07
dream,"v.做梦,梦见,梦想,想到n.梦,梦想",drim,dri:m,,,unit-07
dress,"n.女服,童装,服装,衣服v.(给...)穿衣",drɛs,dres,,,unit-07
drink,"n.饮料,酒,酗酒,一口(或一些)饮料v.喝,喝酒,(植物、土壤等的)吸水,举杯庆贺",drɪŋk,driŋk,,,unit-07
drive,"n.驾车,驱动器,快车道,推进力,驱使,动力,干劲,击球vt.开车,驱赶,推动、发动(机器等),驾驶(马车,汽车等)vi.开车,猛击,飞跑n.[计]驱动器",draɪv,draiv,,,unit-07
drop,"v.滴下,落下,(使声音等)变弱,(使价格等)下降,使跌倒,使结束,不再讨论,停止与(某人)交往n.落下,下降,滴,滴剂,点滴,微量,下跌",drɑp,drɔp,,,unit-07
dry,"adj.干的,干燥的,口渴的vt.(使)干燥,(使)变干v.干燥",draɪ,drai,,,unit-07
dust,"n.灰尘,尘土,尘埃vt.掸掉...上的灰尘,撒糖于糕上",,,,,unit-07
during," prep.在...的期间,在...的时候","`dʊrɪŋ,`djʊrɪŋ",ˈdjuəriŋ,,,unit-07
duty,"n.义务,责任,职责,职务,税","`dutɪ,`dju_",ˈdju:ti,,,unit-07
each,"adj.各自的,每个的,每一 pron.各,各自,每个adv.每个",itʃ,i:tʃ,,,unit-07
early,"adj.早的,早熟的,及早的,早先的,早期的adv.早,在初期",`ʒlɪ,ˈə:li,,,unit-07
earth,"n.地球,陆地,泥土,洞穴,地球上的人类,尘世,[电]接地vt.埋入土中,把...赶入洞内,把...接地vi.躲入洞内",ʒθ,ə:θ,,,unit-07
easy,"adj.容易的,安逸的,舒适的,宽裕的,小康的,从容的,宽容的,流畅的adv.不费力的,轻松,悠闲,慢慢地n.短暂的休息",`izɪ,ˈi:zi,,,unit-07
eat,"v.吃,腐蚀",it,i:t,,,unit-07
egg,"n.蛋,鸡蛋,卵v.怂恿,怂恿",ɛg,eɡ,,,unit-07
either,"adj.任一的,(两方中的)每一方的 pron.任一,随便任一个 conj.或者,也","`iðɚ,`aɪðɚ","ˈi:ðə,ˈaiðə",,,unit-08
else,"adj.别的,其他的adv.另外,其他",ɛls,els,,,unit-08
email,n.电子信函,,,,,unit-08
end,"n.末端,尽头,结束,目标,限度,梢,末端,死亡v.结束,终结,终止",ɛnd,end,,,unit-08
enjoy,"vt.享受...的乐趣,欣赏,喜爱v.满意",ɪn`dʒɔɪ,inˈdʒɔi,,,unit-08
enough,"adj.足够的,充足的,只够做...的n.充足,足够,很多adv.足够地,充分地int.够了!","ə`nʌf,ɪ`nʌf","iˈnʌf,əˈnʌf",,,unit-08
enter,"vt.进入,加入,参加,登录,开始vi.进去,[戏]登场,参加n.输入,[计]回车",`ɛntɚ,ˈentə,,,unit-08
entry,"n.登录,条目,进入,入口,[商]报关手续,[律]对土地的侵占,对房屋的侵入",`ɛntrɪ,ˈentri,,,unit-08
even,"adj.平的,平滑的,偶数的,一致的,平静的,恰好的,平均的,连贯的adv.[加强语气]甚至(...也),连...都,即使,恰好,正当vt.使平坦,使相等vi.变平,相等n.偶数,偶校验",`ivən,ˈi:vn,,,unit-08
ever,"adv.曾经,永远,不断地,在任何时候,究竟",`ɛvɚ,ˈevə,,,unit-08
every,"adj.每一的,每个的,全部的,每隔...的","`ɛvrɪ,`ɛvərɪ",ˈevri,,,unit-08
everywhere,"adv.各处,到处",`ɛvrɪˌhwɛr,"ˈevriwɛə,_ihw_",,,unit-08
example,"n.例子,实例,例题,范例,榜样,鉴戒,实例",ɪg`zæmpl,iɡˈzɑ:mpl,for example,,unit-08
exellent,杰出的,,,,,unit-08
excited, 兴奋的,ɪk`saɪtɪd,ikˈsaitid,,,unit-08
excuse,"vt.原谅,申辩,做为...的托辞,为...免去n.饶恕,致歉,理由,口实,借口,清借条,免去",ɪk`skjuz,ikˈskju:z,,,unit-08
exercise,"n.练习,习题,训练,锻炼,演习v.训练,锻炼vt.行使,使担扰",`ɛksɚˌsaɪz,ˈeksəsaiz,,,unit-08
explain,"v.解释,说明",ɪk`splen,"ikˈsplein,ek_",,,unit-08
fact,"n.事实,实际,实情,真相,(犯罪)行为,论据",fækt,fækt,,,unit-08
factory,"n.工厂,制造厂,商住花园外的代理","`fæktrɪ,`fæktərɪ",ˈfæktəri,,,unit-08
fail,"vi.失败,不及格,忘记vt.使失望,舍弃,辜负,不及格n.不及格,不及格者",fel,feil,,,unit-08
fair,"adj.美丽的,女性的,(肤色)白皙的,(头发)金黄的,干净的,公平的,(天气)晴朗的adv.公平地,公正地,直接地,清楚地n.美好的事物,美人,展览会,市集vi.转晴",fer,feir,,,unit-08
fall,"n.秋天,落下,瀑布,降低,落差,采伐量,堕落,下降vi.倒下,落下,来临,失守,变成,垮台,下跌,阵亡vt.<美><英方>击倒,砍倒(树木)adj.秋天的",fɔl,fɔ:l,,,unit-08
family,"n.家庭,家族,家属,亲属,子女,僚属adj.家庭的,家族的","`fæmlɪ,`fæməlɪ",ˈfæmili,,,unit-08
famous,"adj.著名的,出名的,<口>极好的,令人满意的",`feməs,ˈfeiməs,,,unit-08
fan,"n.扇子,鼓风机,风扇,迷,狂热者,爱好者vt.煽动,刺激,扇,吹拂vi.飘动,成扇形散开",fæn,fæn,,,unit-08
far,"adj.(常用于书面语)远的,久远的,遥远的adv.(表示空间或时间上的距离)远,很远,遥远地,久远地,甚远地,很,很晚地n.远处,远方",fɑr,fɑ:,,,unit-08
fare,"n.费用,旅客,食物vi.遭遇,进展,进步,经营,过活",fɛr,fɛə,,,unit-08
farm,"n.农场,农庄,农田vt.耕种vi.种田,务农,经营农场,从事畜牧",fɑrm,fɑ:m,,,unit-08
farmer,"n.农夫,百姓,农民,农场主,承包主,牧场主,畜牧者",`fɑrmɚ,ˈfɑ:mə,,,unit-08
fashion,"n.样子,方式,流行,风尚,时样vt.形成,造,作,把...塑造成,使适应,使适合,改革,改变",`fæʃən,ˈfæʃən,,,unit-08
fast,"adj.紧的,牢的,忠实的,快速的,耐久的,紧的adv.牢固地,很快地,紧紧地,彻底地n.禁食,绝食,斋戒vi.绝食,斋戒",fæst,fɑ:st,,,unit-08
fat,"n.脂肪,肥肉;adj.肥大的,丰满的,肥的,胖的,油腻的;vt.养肥,在...中加入脂肪;vi.长肥;File Allocation Table,文件分配表",fæt,fæt,,,unit-08
favourite,"adj.特别喜爱的,中意的n.特别喜爱的(或物)","`fevrɪt,`fevərɪt",ˈfeivrit,,,unit-08
feed,"n.饲养,饲料,(动物或婴儿的)一餐vt.喂养,饲养,放牧,靠...为生vi.吃东西,流入",fid,fid,,,unit-08
feel,"vt.摸,触,试探,感觉,觉得,触摸,以为vi.有知觉,(人)有某种感觉,摸索,同情n.感觉,觉得,触摸",fil,fil,,,unit-09
festival,"n.节日,喜庆日,音乐节,戏剧节,喜庆,欢宴,欢乐adj.节日的,快乐的",`fɛstəvl,ˈfestəvl,,,unit-09
few,"adj.很少的,不多的,少数的n.[表示否定]很少数,几乎没有",,,,,unit-09
field,"n.原野,旷野,领域,(一块)田地,牧场,域,战场,运动场vt.把(谷物等)暴晒于场上,使上场vi.担任场外队员adj.田间的,野生的,野外的,田赛的 扫描场",fild,fi:ld,,,unit-09
fill,"vt.装满,注满,充满,填充,弥漫,供应,供给,满足vi.充满n.满足,饱,充分,填方v.填充",fɪl,fil,,,unit-09
film,"n.薄膜,膜层,胶卷,影片,薄雾,轻烟,电影vt.在...上覆以薄膜,拍成电影vi.生薄膜,变成朦胧,拍电影",fɪlm,film,,,unit-09
find,"vt.找到,发现,感到,查明,得到,认为,见到...的存在vi.裁决n.发现 [计] 在文件中查找指定的字符串",faɪnd,faind,,,unit-09
final,"n.结局,决赛,期末考试,<口>报纸(在一天中)最晚版adj.最后的,最终的,决定性的",`faɪnl,ˈfainl,,,unit-09
fine,"adj.美好的,优良的,杰出的,精美的,杰出的,细,纤细,纯粹n.罚款,罚金,晴天,精细vt.罚款,精炼,澄清vi.变清,变细adv.<口>很好,妙,[常用于构成复合词]细微地,精巧地",faɪn,fain,,,unit-09
finish,"n.完成,结束,磨光,末道漆,完美vt.完成,结束,用完,毁掉,使完美vi.结束,终结,停止,终止",`fɪnɪʃ,ˈfiniʃ,,,unit-09
fire,"n.火,炉火,火灾,失火,闪光,炮火,热情,激情vt.点燃,烧制,使发光,给(炉子等)加燃料,放枪,激动,<口>解雇vi.开枪,射击,着火,烧火,激动",faɪr,ˈfaiə,,,unit-09
fish,"n.鱼,鱼肉,鱼类,接合板vt.钓,钓鱼,查出,用接合板连接vi.捕鱼,钓鱼,用钩捞取,间接探听,拉摸索寻找",fɪʃ,fiʃ,,,unit-09
fisherman,"n.渔民,渔夫",`fɪʃɚmən,ˈfiʃəmən,,,unit-09
fit,"n.突然发作,适合,痉挛,一阵adj.合适的,恰当的,健康的,,准备好的vt.适合,安装,使合身,使适应,使合格vi.适合,符合",fɪt,fit,,,unit-09
fix,"vt.使固定,装置,修理,准备,安装,凝视,整理,牢记vi.固定,注视,决定,选定,确定n.困境,方位,贿赂",fɪks,fiks,,,unit-09
flag,"n.旗,标记v.标记",flæg,flæɡ,,,unit-09
floor,"n.(房间,走廊等的)地面,地板,基底,(室内的)场地,层,海底,议员席vt.在...上铺(地板),击倒,(被困难)难倒","flor,flɔr",flɔ:,,,unit-09
flour,n.面粉,flaʊr,ˈflauə,,,unit-09
flower,"n.花,开花的植物,花卉,精华,盛时vi.开花,旺盛,成熟vt.用花装饰,使开花",`flaʊɚ,ˈflauə,,,unit-09
fly,"n.苍蝇,两翼昆虫,飞行vi.飞翔,飘扬,溃逃vt.飞越,使飘扬,逃脱adj.机敏的,敏捷的",flaɪ,flai,,,unit-09
follow,"vt.跟随,追随,沿...而行,理解,遵循,从事,追求,注视vi.跟随,接着n.跟随,追随","`fɑlo,_ə",ˈfɔlou,,,unit-09
food,"n.食物,养料",,,,,unit-09
foot,"n.足,底部,英尺,音步(英诗),步调,步兵,末尾vt.走在...上,支付,给...换底,结算vi.步行,跳舞,总计",,,,,unit-09
football,"n.足球,橄榄球",`fʊtˌbɔl,ˈfutbɔ:l,,,unit-09
for," prep.(表示目的)为了,因为,至于,对于,适合于 conj.因为",,,,,unit-09
foreign,"adj.外国的,外交的,外国产的,外来的,[医]异质的,不相关的",`fɔrɪn,ˈfɔrin,,,unit-09
forest,"n.森林,林木,<英>御猎场adj.森林的,住在森林中的vt.植树于",`fɔrɪst,ˈfɔrist,,,unit-09
forget,"vt.忘记,忽略vi.忘记,忘形,忘乎所以",fɚ`gɛt,fəˈɡet,,,unit-09
forward,"adj.早的,迅速的,前进的vt.转寄,促进,运送adv.向前地,向将来n.[体](足球等)前锋",`fɔrwɚd,ˈfɔ:wəd,,,unit-09
free,"adj.自由的,大方的,免费的,免税的,丰富的,空闲的vt.释放,使自由adv.自由地,免费",fri,fri:,,,unit-09
fresh,"adj.新鲜的,无经验的,生的,冒失的,鲜艳的adv.最新地,刚刚n.开始,泛滥",frɛʃ,freʃ,,,unit-09
fridge,n.电冰箱,frɪdʒ,fridʒ,,,unit-09
friend,"n.朋友,赞助者,助手",frɛnd,frend,,,unit-09
friendly,"adj.友好的,友谊的",`frɛndlɪ,ˈfrendli,,,unit-09
from," prep.从,今后,来自,由于",,,,,unit-09
front,"n.前面,开头,前线,(政治上的)阵线,态度,外表vt.面对,朝向,对付vi.朝向",,,,,unit-09
fruit,"n.水果,果实,果类,成果vi.结果实",,,,,unit-10
full,"n.全部,完整adj.充满的,完全的,丰富的,完美的,详尽的,丰满的adv.完全地,整整,十分vt.把衣服缝得宽大",,,,,unit-10
fun,"n.娱乐,玩笑,嬉笑,有趣的人或事物vi.开玩笑adj.供娱乐用的",,,,,unit-10
funny,"adj.有趣的,好笑的,滑稽的,奇异的,古怪的n.滑稽人物",`fʌnɪ,ˈfʌni,,,unit-10
future,"n.未来,将来,前途,远景adj.未来的,将来的",`fjutʃɚ,ˈfju:tʃə,,,unit-10
game,"n.比赛,游戏,竞赛,[复]运动会,玩耍,比分,比赛规则,策略vi.赌博adj.勇敢的,有胆量的,关于野味的,跛的",gem,ɡeim,,,unit-10
garden,"n.(菜、花)园,花园",`gɑrdn,ˈɡɑ:dn,,,unit-10
gas,,,,,,unit-10
gate,n.大门,get,ɡeit,,,unit-10
gentleman,"n.阁下,先生,有身分的人,绅士,[pl.] 男厕所,男盥洗室",`dʒɛntlmən,ˈdʒentlmən,,,unit-10
get,"vt.获得,变成,收获,使得,挣得,受到(惩罚,打击等),染上,抓住vi.到达,成为,变得n.生殖,幼兽",gɛt,ɡet,,,unit-10
gift,"n.赠品,礼物,天赋,才能",gɪft,ɡift,,,unit-10
give,"n.弹性,可弯性vt.给,授予,供给,献出,让步,引起,发表,捐助vi.捐赠,让步",gɪv,ɡiv,,,unit-10
glad,"adj.高兴的,乐意的,感到高兴的",glæd,ɡlæd,,,unit-10
glass,"n.玻璃,玻璃制品,玻璃杯,镜子,眼镜,望远镜,气压计,晴雨表vt.装玻璃于,反映vi.成玻璃状",glæs,ɡlɑ:s,,,unit-10
glow,"vi.发光,发热",,,,,unit-10
glue,"n.胶,胶水vt.胶合,粘贴,粘合",,,,,unit-10
go,"vi.离去,走,进行,变成,趋于,达到,求助于,诉诸vt.以...打赌,忍受,出产n.去,进行",,,,,unit-10
goal,"n.目的,目标,守门员,球门,(球赛等的)得分",,,,,unit-10
gold,"n.黄金,金币adj.金的,金制的",,,,,unit-10
golf,n.高尔夫球vi.打高尔夫球,"gɑlf,gɔlf",ɡɔlf,,,unit-10
good,"n.好,好事,慷慨的行为,好处,利益adj.优良的,上等的,虔诚的,愉快的,慈善的,好心的,有益的",,,,,unit-10
grade,"n.等级,级别vt.评分,评级v.分等级",gred,ɡreid,,,unit-10
grass,n.草,græs,ɡrɑ:s,,,unit-10
great,"adj.伟大的,大的,强烈的,非常的,主要的,大写的,重大的,崇高的adv.顺利地,得意地n.全部,大人物,大师",gret,ɡreit,,,unit-10
greet,"vt.问候,向...致意,获悉(消息),映入眼帘",grit,ɡri:t,,,unit-10
ground,"n.地面,土地,战场,场所,范围adj.土地的,地面上的vt.把...放在地上,使搁浅,打基础vi.具有基础,着陆,搁浅 vbl.grind的过去式",,,,,unit-10
group,"n.团体,组,团,群,批,[地]界,[化]基v.聚合,成群",,,,,unit-10
grow,"vi.生长,成长,渐渐变得,增长,增高vt.种植,栽培,培育",,,,,unit-10
guess,"vt.猜测,推测,猜中,猜对,想,认为vi.猜,推测n.猜测,推测",gɛs,ɡes,,,unit-10
guest,"n.客人,来宾,旅客vt.招待,款待vi.作客,寄宿",gɛst,ɡest,,,unit-10
guide,"n.领路人,导游者,向导,引导者,指南vt.指导,支配,管理,带领,操纵vi.任向导",gaɪd,ɡaid,,,unit-10
guy,"n.家伙,人 Guy 盖伊(男子名)",gaɪ,ɡai,,,unit-10
gym," gymnasium 体育;n.体育馆,体操",dʒɪm,dʒim,,,unit-10
habit,"n.习惯,习性",`hæbɪt,ˈhæbit,,,unit-10
hair,"n.头发,毛发,毛状物,绒毛,些微",hɛr,hɛə,,,unit-11
half,"n.一半,半时,(球赛)半场,半学年adj.一半的,不完全的,半途的adv.一半地,部分地,相当的",hæf,hɑ:f,,,unit-11
hall,"n.会堂,礼堂,大厅,走廊,门厅",hɔl,hɔ:l,,,unit-11
hand,"n.手,掌管,协助,支配,插手,指针,雇员,手艺vt.支持,搀扶,交给",hænd,hænd,,,unit-11
handsome,"adj.英俊的,大方的,慷慨的,美观的,堂皇的",`hænsəm,ˈhænsəm,,,unit-11
hang,"n.悬挂的方式,(动作的)暂停,中止vt.悬挂,附着,装饰,绞死,踌躇,使悬而未决,垂下vi.悬着,垂下,被绞死,悬而不决",hæŋ,hæŋ,,,unit-11
happen,"vi.发生,碰巧,偶然v.发生,恰巧,偶然发现",`hæpən,ˈhæpən,,,unit-11
happy,"adj.快乐的,幸福的,陶醉于...的,恰当的",`hæpɪ,ˈhæpi,,,unit-11
hard,"adj.硬的,坚固的,(问题,工作等)困难的,艰苦的,猛烈的,确实的adv.努力地,辛苦地,坚硬地,牢固地,接近地,猛烈地",hɑrd,hɑ:d,,,unit-11
hardworking,"adj.苦干的,不辞辛劳的",,,,,unit-11
harm,"vt.伤害,损害n.伤害,损害",hɑrm,hɑ:m,,,unit-11
hate,"vt.憎恨,恨,不愿,不喜欢n.憎恶,憎恨v.憎恨,讨厌,不愿",het,heit,,,unit-11
have,"vt.有,持有,拿,从事(某事) aux.已经",hæv,hæv,,,unit-11
head,"n.头,头脑,领袖,(队伍,名单等)最前的部分,人,顶点vt.作为...的首领,朝向,前进,用头顶vi.成头状物,出发adj.头的,主要的",hɛd,hed,,,unit-11
healthy,"adj.健康的,健壮的,有益于健康的",`hɛlθɪ,ˈhelθi,,,unit-11
hear,"vt.听到,听说,听取,审理,允许vi.听见,听到",hɪr,hiə,,,unit-11
heart,"n.心,心脏,中心,心地,心情,精神,宝贝儿,感情vt.把...放在中心",hɑrt,hɑ:t,,,unit-11
heat,,,,,,unit-11
heavy,"adj.重的,繁重的,巨大的,沉重的,阴沉的adv.沉重地,笨重地,大量地n.重物,严肃角色",`hɛvɪ,ˈhevi,,,unit-11
help,"n.帮忙,补救办法,助手,治疗,<美>佣工vt.帮助,助长,接济,治疗,款待vi.有用,救命,招待 [计] 显示命令格式的简短概述",hɛlp,help,,,unit-11
helpful,"adj.有帮助的,有用的,有益的",`hɛlpfəl,ˈhelpful,,,unit-11
here,"adv.在这里,此时,这时,[宗]在尘世间n.这里",hɪr,hiə,,,unit-11
hero,"n.英雄,男主角,男主人公","`hɪro,`hiro",ˈhiərou,,,unit-11
hide,"n.兽皮,皮革v.剥...的皮,痛打,隐藏,掩藏,隐瞒,掩饰",haɪd,haid,,,unit-11
high,"n.高度,高处adj.高的,高原的,高等的,高音的,傲慢的,高尚的,昂贵的,严重的adv.高度地,奢侈地,高价地",haɪ,hai,,,unit-11
hike,"v.远足,飞起,步行n.远足,增加",haɪk,haik,,,unit-11
hill,"n.小山,丘陵,斜坡,山岗",hɪl,hil,,,unit-11
history,"n.历史,历史学,过去的事(的记载),来历,历史记录","`hɪstrɪ,`hɪstərɪ",ˈhistri,,,unit-11
hit,"n.打击,打,碰撞,讽刺,(演出等)成功vt.打,打击,碰撞,击中,袭击,偶然发现,伤...的感情,找到vi.打,打中,打击,碰撞,偶然碰上",hɪt,hit,,,unit-11
hobby,n.业余爱好,`hɑbɪ,ˈhɔbi,,,unit-11
hold,"n.把握,把持力,柄,控制,监禁,掌握,货舱vt.拿着,保存,支持,占据,持有,拥有vi.支持,保持,有效n.控制,保留",,,,,unit-11
hole,"n.洞,孔,突破口v.凿洞",,,,,unit-11
holiday,"n.假日,节日,假期",`hɑləˌde,"ˈhɔlədi,_dei",,,unit-11
home,"n.家,住宅,家乡,本国,产地,避难所adj.家庭的,国内的,有效的adv.在家,回家,深入地,在本国",,,,,unit-11
homework,"n.家庭作业,副业",`homˌwʒk,ˈhoumwə:k,,,unit-11
honest,"adj.诚实的,正直的",`ɑnɪst,ˈɔnist,,,unit-11
hope,"n.希望,信心v.希望,盼望,期待,信赖",,,,,unit-12
horn,"n.(牛、羊等的)角,喇叭,触角v.装角",hɔrn,hɔ:n,,,unit-12
hospital,n.医院,`hɑspɪtl,ˈhɔspitl,,,unit-12
hotel,"n.旅馆,客栈,<俚>监狱",ho`tɛl,houˈtel,,,unit-12
hour,"n.小时,钟头,...点钟,课时,(一段)时间",aʊr,ˈauə,,,unit-12
house,"n.房子,住宅,库房,机构,家庭,家族,议院,剧场vt.给...房子住,收藏,覆盖vi.住,躲藏(up)",,,,,unit-12
housewife,"n.主妇,家庭主妇,针线盒",,,,,unit-12
housework,"n.家务,劳动,家务事",,,,,unit-12
hug,,,,,,unit-12
huge,"adj.巨大的,极大的,无限的",,,,,unit-12
hungry,"adj.饥饿的,渴望的,荒年的,不毛的",`hʌŋgrɪ,ˈhʌŋɡri,,,unit-12
hunt,"v.打猎,猎取,搜索,搜寻,猎获n.打猎,猎取,搜索,搜寻,狩猎",,,,,unit-12
hurry,"v.(使)赶紧,(使)匆忙,加速n.匆忙,仓促",`hʒɪ,ˈhʌri,,,unit-12
hurt,"v.刺痛,伤害,(使)痛心,(使)伤感情,危害,损害,受伤n.伤痛,伤害",hʒt,hə:t,,,unit-12
ice,"n.冰冻食品vt.冰冻,覆以冰vi.结冰 [军] Intenal Combustion Engine,内燃机",aɪs,ais,,,unit-12
ice-cream,,,,,,unit-12
idea,"n.想法,念头,意见,主意,思想,观念,概念","aɪ`diə,aɪ`dɪə",aiˈdiə,,,unit-12
if," conj.(表条件)如果,(表假设)要是,是否,即使n.条件,设想",ɪf,if,,,unit-12
ill,"adj.有病的,坏的,恶意的,生病",ɪl,il,,,unit-12
important,"adj.重要的,重大的,有权力的,有地位的",ɪm`pɔrtnt,imˈpɔ:tnt,,,unit-12
in," prep.在...之内(上),在...期间,从事于,符合,穿着;adv.进入,朝里,在家,已到达(来临);adj.在里面的,执政的;n.执政者,入口;India,印度;In,元素铟(indium);Intelligent Network,智能网络",ɪn,in,,,unit-12
insect,"n.昆虫,卑鄙的人adj..虫的,虫子一样的,对付虫子的",`ɪnsɛkt,ˈinsekt,,,unit-12
inside,"n.里面,内部,内脏,内情adj.内部的,秘密的,于室内工作的adv.在里面 prep.在...之内",`ɪn`saɪd,"ˌinˈsaid,ˈinsaid",,,unit-12
interesting,"adj.有趣味的,引起好奇(或注意)的","`ɪntərɪstɪŋ,`ɪntrɪstɪŋ",ˈintrəstiŋ,,,unit-12
internet," 因特网,国际互联网络,网际网",,,,,unit-12
into," prep.到...里,进入到...之内,成为...状况,深入...之中",,,,,unit-12
introduce,"vt.介绍,传入,引进,提出","ˌɪntrə`dus,_`djus",ˌintrəˈdju:s,,,unit-12
invent,"vt.发明,创造v.发明",ɪn`vɛnt,inˈvent,,,unit-12
invention,"n.发明,创造",ɪn`vɛnʃən,inˈvenʃn,,,unit-12
inventor,n.发明家,ɪn`vɛntɚ,inˈventə,,,unit-12
invite,"vt.邀请,引起n.邀请",ɪn`vaɪt,inˈvait,,,unit-12
island,"n.岛,岛屿,岛状物(孤立状态的物),安全岛vt.使成岛状,孤立",`aɪlənd,ˈailənd,,,unit-12
job,"n.工作,零活,<口>职位,事情,<圣经>约伯,极有耐心的人vi.做零工,打杂,做股票经纪,假公济私vt.代客买卖(股票,货物等),批发,承包,欺骗",dʒɑb,dʒɔb,,,unit-12
jog,"n.轻推,轻撞,漫步v.轻推,(使)蹒跚行进,(使)慢跑",dʒɑg,dʒɔɡ,,,unit-12
join,"vi.参加,结合,加入vt.连接,结合,参加,加入n.连接,结合,接合点 [计] 用子目录名取代驱动器符",dʒɔɪn,dʒɔin,,,unit-13
joke,"n.笑话,玩笑v.(和...)开玩笑",,,,,unit-13
joy,"n.欢乐,喜悦,快乐,乐事,乐趣v.高兴 Joy 乔伊(女子名)",dʒɔɪ,dʒɔi,,,unit-13
jump,"n.跳跃,上涨,惊跳vt.跳跃,跃过,突升,使跳跃vi.跳跃,暴涨",,,,,unit-13
just,"adj.正义的,公正的,正确的,应得的,有充分根据的adv.正好,仅仅,刚才,只是,不过",,,,,unit-13
keep,"n.保持,保养,生计,监狱,[史]要塞vt.保持,保存,遵守,经营,看守,拘留,维持,记(日记,帐等)vi.保持,继续不断",kip,ki:p,,,unit-13
key,"n.钥匙,关键,解答,(打字机等的)键,调子,对译本,(开钟表、发条的)栓,要害vt.调节...的音调,锁上,插上栓,提供线索vi.使用钥匙n.[乐]键,调,基调",ki,ki:,,,unit-13
kick,v.踢n.踢,kɪk,kik,,,unit-13
kid,"n.哄骗,取笑,开玩笑,小孩,小山羊v.哄骗,取笑,开玩笑,欺骗",kɪd,kid,,,unit-13
kill,"v.杀死,毁掉,杀伤",kɪl,kil,,,unit-13
kind,"n.种类,性质adj.仁慈的,和蔼的,亲切的,友爱的",kaɪnd,kaind,,,unit-13
king,"n.国王,君主,(部落的)首领,纸牌中的Kvt.立...为王vi.做国王,统治",,,,,unit-13
kiss,"n.吻,(风,浪等)拂vt.吻,轻拂vi.接吻",kɪs,kis,,,unit-13
kitchen,"n.厨房,炊具,炊事人员","`kɪtʃɪn,_ən",ˈkitʃin,,,unit-13
kite,"n.风筝,(微风时使用的)高而轻的帆,<俚>[商]空头支票,试探性行动vi.象风筝一样飞,轻快地移动,使用空头支票vt.使上升,骗钱",kaɪt,kait,,,unit-13
knock,"v.敲,敲打,敲击,(使)碰撞n.敲,击,敲打",nɑk,nɔk,,,unit-13
know,"v.知道,了解,认识,熟悉,认出,分辨,确信",,,,,unit-13
knowledge,"n.知识,学问,认识,知道,<古>学科",`nɑlɪdʒ,ˈnɔlidʒ,,,unit-13
lady,"n.女士,夫人,小姐",`ledɪ,ˈleidi,,,unit-13
lake,,,,,,unit-13
land,"n.陆地,(书面语)国家、国土,地带,[复数]地产,田产vi.靠岸,登陆,登岸,到达vt.使上岸,使登陆,使到达,使处于",lænd,lænd,,,unit-13
language,"n.语言,语言文学,术语,语言表达能力,(运用语言的)方式、能力、风格,[自](机器)代码 /n.语言/国家",`læŋgwɪdʒ,ˈlæŋɡwidʒ,,,unit-13
large,"adj.大的,巨大的,宽大的,夸大的adv.大大地,夸大地,顺风地n.大",lɑrdʒ,lɑ:dʒ,,,unit-13
last,"adj.最后的,临终的,末尾的,最近的,结论性的vi.持续,支持,维持vt.使维持,楦adv.最后,后来n.最后,末尾,临终,鞋楦头",læst,lɑ:st,,,unit-13
late,"adj.迟的,晚(期)的,已故的,新近的adv.晚,迟,最近,在晚期",let,leit,,,unit-13
laugh,"vi.笑,讥笑n.笑,笑声",læf,lɑ:f,,,unit-13
lazy,"adj.懒惰的,懒散的",`lezɪ,ˈleizi,,,unit-13
leader,"n.领导者,社论n.[计]前导字符n.[机]导杆",`lidɚ,ˈli:də,,,unit-13
leaf,"n.叶,树叶,(书的)一张(两叶),页vi.生叶,翻书页vt.翻...的页",lif,li:f,,,unit-13
learn,"vi.学习,听到,获悉vt.学习,学会,认识到",lʒn,lə:n,,,unit-13
leave,"n.许可,同意,请假,休假vt.离开,动身,剩下,遗忘,委托,遗弃vi.出发,离开,生叶,动身",liv,li:v,,,unit-13
lesson,"n.功课,(一节)课,[pl.] 课程,教训",`lɛsn,ˈlesn,,,unit-13
let,"vt.假设,出租,允许,排放,让...进入(或通过),妨碍vi.出租,(工程等)被承包n.出租屋,障碍",lɛt,let,,,unit-13
letter,"n.文字,字母,信函,字面意义,铅字,(pl.)证书,(pl.)文学,学问vt.用字母标明,在...上刻(或题)字vi.写印刷体字母",`lɛtɚ,ˈletə,,,unit-13
library,"n.图书馆,藏书室,库",`laɪˌbrɛrɪ,ˈlaibrəri,,,unit-13
lie,"vi.躺,平放,展现,展开,位于v.说谎,躺n.谎话,谎言",laɪ,lai,,,unit-13
life,"n.生命,生活,一生,寿命,生命力,传记",laɪf,laif,,,unit-14
lift,"n.举起,电梯,起重机,搭车vt.升高,提高,举起,空运vi.升起,(指雾等)消散,耸立",lɪft,lift,,,unit-14
light,"n.光,日光,发光体,灯adj.轻的,发光的,明亮的,浅的vt.点燃,照亮adv.轻地vi.点着,变亮",laɪt,lait,,,unit-14
like,"n.爱好,同样的人(或物)adj.相似的,同样的vt.喜欢,希望,愿意vi.喜欢,希望 prep.象,如同adv.可能",laɪk,laik,,,unit-14
line,"n.绳,索,线路,航线,诗句vt.排成一行,顺...排列,划线于,使有线条,使起皱纹vi.排队",laɪn,lain,,,unit-14
lion,"n.狮子,(剽悍的人)社交场合的名流",`laɪən,ˈlaiən,,,unit-14
list,"n.目录,名单,列表,序列,数据清单,明细表,条纹,[总称]各种上市证券vt.列出,列于表上,记入名单内,装布条vi.列于表上",lɪst,list,,,unit-14
listen,"vi.听,听从v.听,收听",`lɪsn,ˈlisn,,,unit-14
litter,"n.垃圾,(供动物睡眠或防冻用的)干草、树叶,(一)窝,轿,担架vt.乱丢,铺草,弄乱vi.产仔,乱丢垃圾",`lɪtɚ,ˈlitə,,,unit-14
little,"n.少许,一会儿,短时间adj.很少的,矮小的,短暂的,琐碎的adv.很少,稍微,完全不",`lɪtl,ˈlitl,,,unit-14
live,"adj.活的,生动的,精力充沛的,实况转播的,点燃的vi.活着,生活,居住,流在人们记忆中vt.过着,度过,经历adv.以实况地",lɪv,liv,,,unit-14
lock,"n.锁v.锁,锁上,锁住 /n.锁定/解锁",lɑk,lɔk,,,unit-14
long,"adj.长的,长期的,做多头的,高的vi.渴望,热望adv.长期地,始终n.长时间,(市场上)做多头的人,[语音]长音节",lɔŋ,lɔŋ,,,unit-14
look,"n.看,注视,脸色,面容,外表vi.看,注意,朝着,好象,显得vt.打量,注视,用眼神(或脸色)表示,期待",,,,,unit-14
lose,"vt.遗失,浪费,错过,输去,使失去,使迷路,使沉溺于vi.受损失,失败",,,,,unit-14
lot,"n.签,抽签,一堆,许多,命运,一块地,份额vt.划分vi.抽签,抓阄",lɑt,lɔt,,,unit-14
loud,"adj.高声的,不断的,喧吵的adv.高声地,大声地",,,,,unit-14
love,"n.爱,热爱,爱情,爱好,性爱,情人,零vt.爱,热爱,爱好,爱慕vi.爱",,,,,unit-14
lovely,"adj.可爱的,有趣的",`lʌvlɪ,ˈlʌvli,,,unit-14
low,"n.低,低价,牛叫声adj.低的,浅的,消沉的,微弱的,粗俗的,卑贱的,体质弱的adv.低下地,谦卑地,低声地,低价地vi.牛叫",,,,,unit-14
luck,"n.运气,好运,幸运",,,,,unit-14
lucky,"adj.幸运的,吉祥的,侥幸的",`lʌkɪ,ˈlʌki,,,unit-14
machine,"n.机器,机械,机动车辆,机构,设计,机械般工作的人,(政党的)领导集团,核心组织vt.机器制造,用车床加工",mə`ʃin,məˈʃi:n,,,unit-14
mad,"adj.疯狂的,愚蠢的,狂欢的,非常激动的,狂热的,着迷的n.狂怒",mæd,mæd,,,unit-14
magazine,"n.杂志,期刊,军火库,弹药库,(枪、炮的)弹仓,胶卷盒","`mægəˌzin,ˌmægə`zin",ˌmæɡəˈzi:n,,,unit-14
magic,"n.魔法,巫术,戏法adj.魔术的,有魔力的,不可思议的",`mædʒɪk,ˈmædʒik,,,unit-14
mail,"n.邮件,邮政,盔甲vt.邮寄,给...穿盔甲",mel,meil,,,unit-14
make,"vt.制造,安排,使成为,认为,产生,获得,进行,构成vi.开始,前进,增大,被制造,被处理n.制造,构造,性情",mek,meik,,,unit-14
mall,"n.购物商场,商业街,林荫路",mɔl,mɔ:l,,,unit-14
man,"n.男人,人类,人,丈夫,雇工;vt.为...配备人手,操纵,在...就位,使振奋;Metropolitan Area Network 城域网",mæn,mæn,,,unit-14
manager,"n.经理,管理人员,管理器",`mænɪdʒɚ,ˈmænidʒə,,,unit-14
many,"n.多数,群众adj.许多的 pron.许多人,许多",`mɛnɪ,ˈmeni,,,unit-14
map,"n.地图,图v.绘制地图 [计]由LINK工具生成的一种文本文件,其中包含有被连接的程序的某些信息,例如程序中的组信息和公共符号信息等",mæp,mæp,,,unit-14
maple,"n.[植]枫,枫木,淡棕色",`mepl,ˈmeipl,,,unit-14
mark,"n.标志,分数,痕迹,记号vt.做标记于,打分数,标志vi.作记号 Mark 马克(男子名)",mɑrk,mɑ:k,,,unit-14
market,"n.市场,销路,行情vt.在市场上交易,使上市vi.在市场上买卖",`mɑrkɪt,ˈmɑ:kit,,,unit-15
marry,"vt.娶,嫁,和...结婚",`mærɪ,ˈmæri,,,unit-15
mask,"n.面具,掩饰,石膏面像vt.戴面具,掩饰,使模糊vi.化装,戴面具,掩饰,参加化装舞会",mæsk,mɑ:sk,,,unit-15
match,"n.火柴,比赛,竞赛,匹配,(足球,捧球,蓝球)比赛v.相配,相称,比赛,相比,匹配",mætʃ,mætʃ,,,unit-15
maths,n.数学,mæθs,mæθs,,,unit-15
matter,"n.事件,问题,物质,内容,实质,原因,(印刷或书写的)文件,(文章或讲话等的)素材vi.有关系,要紧",`mætɚ,ˈmætə,,,unit-15
maybe,"adv.大概,或许n.疑虑","`mebi,_bɪ","ˈmeibi:,_bi",,,unit-15
meal,"n.一餐,一顿饭,膳食,(谷类的)粗粉vi.进餐",mil,mi:l,,,unit-15
mean,"adj.低劣的,卑鄙的,普通的,吝啬的,简陋的,平均的,惭愧的,不舒服的vt.意谓,想要,预定vi.用意,有意义n.平均数,中间,中庸",min,mi:n,,,unit-15
meat,"n.(食用)肉,肉类",mit,mi:t,,,unit-15
meet,"n.会,集会adj.适宜的,合适的vt.遇见,(迎)接,与(某人目光)相遇,(赴约)和...会面,(经介绍)与...相识,对付vi.相遇,接触",mit,mi:t,,,unit-15
meeting,"n.会议,集会,会见,会战,汇合点",`mitɪŋ,ˈmi:tiŋ,,,unit-15
member,"n.成员,会员,议员,(人或动,植物的)一部分,[语]子句,成分,[逻]推论的命题",`mɛmbɚ,ˈmembə,,,unit-15
menu,n.菜单,"`mɛnju,`men_,`mɛnu",ˈmenju:,,,unit-15
merry,"adj.欢乐的,愉快的",`mɛrɪ,ˈmeri,,,unit-15
mess,"n.混乱,脏乱v.弄乱",mɛs,mes,,,unit-15
message,"n.消息,通讯,讯息,音讯,差使,广告词,预言,教训vt.通知vi.带信息",`mɛsɪdʒ,ˈmesidʒ,,,unit-15
might,"v.(past tense,past participle of may see may)n.力量,威力,权力,能,可能 aux.可以",maɪt,mait,,,unit-15
milk,"n.乳,牛奶v.挤(奶)",mɪlk,milk,,,unit-15
mind,"n.头脑,智力,精神,意见,情绪vi.介意,照顾,留心vt.注意,留意,专心于,照看,介意",maɪnd,maind,,,unit-15
minus,"adj.负的,减的 prep.减去n.负数",`maɪnəs,ˈmainəs,,,unit-15
miss,"n.过错,避免,失败,小姐,姑娘vt.未得到,未达到,未听到,思念,未觉察,错过,遗漏,逃脱vi.失败,击不中",mɪs,mis,,,unit-15
mistake,,,,,,unit-15
mobile,"adj.可移动的,易变的,机动的n.运动物体","`mobl,`mobil","ˈmoubail,ˈmoubi:l",,,unit-15
model,"n.样式,型,模范,典型,模型,原型,模特儿vt.模仿v.模拟",`mɑdl,ˈmɔdl,,,unit-15
money,"n.货币,钱,金钱",`mʌnɪ,ˈmʌni,,,unit-15
month,n.月,,,,,unit-15
moon,"n.月球,月亮,卫星",,,,,unit-15
more,"adj.更多的n.更多adv.更,更多,更加,超过,多,大大高于 num.更多","mor,mɔr",mɔ:,,,unit-15
most,"adj.最多的,多数的,大部分的adv.最,最多,很,十分,最,最大的,其中大多数,极其n.大多数,大部分",,,,,unit-15
motorbike,n.摩托车,,,,,unit-15
montain,,,,,,unit-15
mouse,"n.鼠,耗子v.搜寻",,,,,unit-15
move,"n.移动,迁居,步骤vt.移动,感动,鼓动vi.移动,离开,运行,迁移,搬家",,,,,unit-15
movie,n.电影,`muvɪ,ˈmu:vi,,,unit-15
much,"adj.许多的,大量的adv.非常,很,...多,更加,非常,得多,多达,多得多n.许多,大量 num.许多",,,,,unit-16
museum,n.博物馆,"mju`ziəm,`mjuzɪəm",mju:ˈziəm,,,unit-16
music,"n.音乐,乐曲",`mjuzɪk,ˈmju:zik,,,unit-16
must," aux.必须,应当,很可能,一定,必须,肯定,可以",,,,,unit-16
name,"n.名字,名称,姓名,名誉vt.命名,提名,叫出,指定adj.姓名的,据以取名的",nem,neim,,,unit-16
national,"adj.国家的,国立[有]的,民族的",`næʃənl,ˈnæʃənl,,,unit-16
nature,"n.自然,自然界,大自然,自然状态,本性,天性,种类",`netʃɚ,ˈneitʃə,,,unit-16
naughty,"adj.顽皮的,淘气的,不听话的,没规矩的,不适当的,下流的",`nɔtɪ,ˈnɔ:ti,,,unit-16
near,"adj.亲近的,亲密的,近,(车,马等)左侧的,吝啬的adv.(时间,空间方面)近,不远 prep.在...近旁,近...v.接近,走近",nɪr,niə,,,unit-16
nearby,"adj.附近的,邻近的adv.在附近",`nɪrˌbaɪ,ˈniəbai,,,unit-16
need,"n.需要,必需,必需品,要求,贫困vt.需要 modalv.必要,必须",nid,ni:d,,,unit-16
neighbour,n.邻居(美作:neighbor),`nebɚ,ˈneibə,,,unit-16
neither,"adj.pron.两者都不 conj.既不...又不,也不",`niðɚ,"ˈnaiðə,ˈni:ðə",,,unit-16
nervous,"adj.神经紧张的,不安的,强健有力的",`nʒvəs,ˈnə:vəs,,,unit-16
nest,"n.巢,窝,休息所,隐匿处,舒适的地方,(可以一个套一个的)一套器具vi.筑巢,找鸟巢vt.造巢,使套入",nɛst,nest,,,unit-16
never,"adv.决不,从未",`nɛvɚ,ˈnevə,,,unit-16
new,"adj.新的,初见的,更新的adv.新近",,,,,unit-16
news,"n.新闻,消息",,,,,unit-16
newspaper,n.报纸,"`nuzˌpepɚ,`nus_,`nju_","ˈnju:sˌpeipə,ˈnju:zˌp_",,,unit-16
next,"n.adj.下次的,其次的,与...连接,下一个adv.下一次,其次",nɛkst,nekst,,,unit-16
nice,"adj.美好的,和蔼的,正派的,细微的,挑剔的,精密的,拘泥的",naɪs,nais,,,unit-16
no,"n.否定,投反对票者adj.没有,不许,反对adv.不,并不,毫不 [域] Norway ,挪威",,,,,unit-16
nobody," pron.谁也不,无人,任何人,没有任何人","`noˌbɑdɪ,`nobədɪ","ˈnoubədi,ˈnouˌbɔdi",,,unit-16
noise,"n.喧闹声,噪声,噪音",nɔɪz,nɔiz,,,unit-16
noisy,"adj.吵杂的,聒噪的",`nɔɪzɪ,ˈnɔizi,,,unit-16
noodle,"n.面条(常用复数),笨蛋,傻瓜",,,,,unit-16
nose,"n.鼻,(飞机、船等的)前端v.侦察出",,,,,unit-16
not,adv.不,,,,,unit-16
note,"n.笔记,短信,(外交)照会,注解,注释,票据,纸币,音符vt.注意,记录,笔记",,,,,unit-16
notebook,"n.笔记簿,笔记本",,,,,unit-16
nothing,"n.无,不关紧要之事,[数]零adv.毫不,决不int.什么也没有,无",`nʌθɪŋ,ˈnʌθiŋ,,,unit-16
now,"adv.现在,目前,此刻,立刻,马上n.现在,如今 conj.既然",,,,,unit-16
number,"n.数,数字,数量,号码,算术,诗,韵律v.遍号码,共计...,计入,计算,算入",`nʌmbɚ,ˈnʌmbə,,,unit-16
nurse,"n.护士,保姆vt.护理,看护v.照料",nʒs,nə:s,,,unit-16
nut,"n.坚果,螺母,螺帽,难解的问题",,,,,unit-16
of," prep....的,由...制成的,离,关于,对于",,,,,unit-17
office,"n.办公室,办事处,事务所,<英>政府机关,部,公职,职责,帮助","`ɔfɪs,`ɑfɪs",ˈɔfis,,,unit-17
officer,"n.政府官员,军官,警官,船长vt.指挥",`ɔfəsɚ,ˈɔfisə,,,unit-17
oil,"n.油,石油,油类vt.给(机器等)加油,上油,涂油",ɔɪl,ɔil,,,unit-17
old,"adj.年老的,老的,...岁的,陈旧的,古老的",,,,,unit-17
on," prep.在...之上,依附于,临近,靠近,向,在...时候,关于,涉及adv.在上,向前,行动中,作用中","ɑn,ɔn",ɔn,,,unit-17
once,"n.adv.一次,从前,曾经 conj.一旦",,,,,unit-17
only,"adj.唯一的,单独的,最好的,最合适的adv.仅仅,只不过 conj.但是,可是",`onlɪ,ˈounli,,,unit-17
open,"n.公开,户外,空旷adj.开着的,敞开的,(车等)无篷的,开阔的,营业着的,公开的,坦率的,未决定的vt.打开,公开,开放vi.展开,开始,展现",`opən,ˈoupən,,,unit-17
opposite,"adj.相对的,对面的,对立的,相反的,对等的,对应的n.相反的事物",`ɑpəzɪt,ˈɔpəzit,,,unit-17
or," conj.或,或者,还是 [军] Operational Requirement,作战需求 [军] Operations Research,运筹学研究",,,,,unit-17
order,"n.次序,顺序,正常(工作)状态,秩序,会议规则,命令,定购,定单vt.命令,定购,定制",`ɔrdɚ,ˈɔ:də,,,unit-17
other,"adj.其他的,另外的,从前的 pron.其他的,他人,另外一个adv.另外地,不同地",`ʌðɚ,ˈʌðə,,,unit-17
out,"adj.外面的,下台的,出局的adv.在外,出声地,显露出来地,明显地,从头至尾地n.外面,外出,外观vt.赶出,击倒,使退场vi.外出,暴露 prep.通过",,,,,unit-17
outer,"adj.外部的,外面的,远离中心的n.(射击)环外命中",`aʊtɚ,ˈautə,,,unit-17
outside,"n.外面,外表,外界adj.外面的,外表的,外界的adv.在外面,外表,出界 prep.在...外",`aʊt`saɪd,ˌautˈsaid,,,unit-17
over,"adv.结束,越过,从头到尾 prep.在...之上,越过adj.上面的vt.额外的东西,越过n.额外的东西",`ovɚ,ˈouvə,,,unit-17
own,"adj.自己的,特有的,(不用所有格)嫡亲的,同胞的vt.拥有,自认,承认vi.承认",,,,,unit-17
pack,"n.包裹,<贬>一群,一副,背包,包装vt.包装,捆扎,塞满,压紧,挑选vi.包装货物,挤,群集,被包装 背包",pæk,pæk,,,unit-17
packet,"n.小包裹,小捆;v.包装",`pækɪt,ˈpækit,,,unit-17
pain,"n.痛苦,疼,痛,劳苦,努力vt.使痛苦",pen,pein,,,unit-17
paint,"n.油漆,颜料,涂料v.油漆,(用颜料等)画,绘,描绘,逼真地描述",pent,peint,,,unit-17
pair,"n.一对,一双",pɛr,pɛə,,,unit-17
palace,"n.宫,宫殿",`pælɪs,ˈpælis,,,unit-17
panda,"n.熊猫,黑白相间的熊类",`pændə,ˈpændə,,,unit-17
pants,"n.裤子,短裤",pænts,pænts,,,unit-17
paper,"n.纸,报纸,文件,证件,论文,考卷vt.用纸糊(墙壁等),用纸包装adj.纸的,象纸的,纸上的",`pepɚ,ˈpeipə,,,unit-17
pardon,"vt.原谅,宽恕n.原谅,宽恕",`pɑrdn,ˈpɑ:dn,,,unit-17
parent,"n.[pl.] 双亲,父亲(或母亲)",`pɛrənt,ˈpɛərənt,,,unit-17
park,"n.公园,停车场,炮场vt.停放(汽车等)",pɑrk,pɑ:k,,,unit-17
parrot,"n.鹦鹉,学舌者,机械模仿别人的人vt.学舌",`pærət,ˈpærət,,,unit-17
part,"n.部分,局部,零件,角色vt.分开,分离,分配vi.分开,断裂,分手adv.部分地,有几分adj.部分的,局部的",pɑrt,pɑ:t,,,unit-17
party,"n.党,政党,随行人员,[律]当事人,社交会",`pɑrtɪ,ˈpɑ:ti,,,unit-17
pass,"n.经过,关口,途径,护照,通行证,入场券,传球,及格vt.通过,审查通过,忽略,传递vi.经过,变化,流通,宣判,被忽略,终止,传递,不叫牌",pæs,pɑ:s,,,unit-17
passport,n.护照,"`pæsˌport,-ˌpɔrt",ˈpɑ:spɔ:t,,,unit-17
password,"n.密码,口令",,,,,unit-18
past,"n.过去,往时adj.过去的,结束的 prep.越过,晚于 vbl.pass的过去分词",pæst,pɑ:st,,,unit-18
pay,"n.薪水,工资v.支付,交纳,给予,有利,值得,合算",pe,pei,,,unit-18
peace,"n.和平,和睦,安宁,静寂vi.安静下来",pis,pi:s,,,unit-18
peanut,n.花生,`piˌnʌt,ˈpi:nʌt,,,unit-18
pearl,n.珍珠 Pearl 珀尔(女子名),pʒl,pə:l,,,unit-18
pen,"n.钢笔,围栏,围圈,作家vt.写,关入栏中",pɛn,pen,,,unit-18
pencil,n.铅笔,`pɛnsl,ˈpensl,,,unit-18
people,"n.人,人们,民族,人类,公民vt.使住(满)人",`pipl,ˈpi:pl,,,unit-18
perfect,"n.完成式adj.完美的,全然的,理想的,正确的,熟练的,精通的完成式的vt.使完美,修改,使熟练",`pʒfɪkt,ˈpə:fikt,,,unit-18
person,"n.人,身体,容貌,[语法]人称",`pʒsn,ˈpə:sn,,,unit-18
pet,"n.宠物,受宠爱的人,不悦adj.宠爱的,亲昵的vt.宠爱vi.拥抱,爱抚,生气,发脾气",pɛt,pet,,,unit-18
phone,"n.电话,电话机v.(给...)打电话",,,,,unit-18
photo,n.照片,,,,,unit-18
piano,n.钢琴,pɪ`æno,piˈænou,,,unit-18
pick,"n.精选,掘,鹤嘴锄vt.摘,掘,凿,挑选,挖,挑剔vi.摘,掘,凿,挖,挑选v.拾取",pɪk,pik,,,unit-18
picnic,n.野餐vi.(去)野餐,`pɪknɪk,ˈpiknik,,,unit-18
picture,"n.画,图画,照片,像,美景,描述,相似物,化身vt.画,描绘",`pɪktʃɚ,ˈpiktʃə,,,unit-18
pie,"n.馅饼,杂乱,喜鹊,爱说话的人vt.弄乱",paɪ,pai,,,unit-18
piece,"n.块,件,片,篇,张,条,硬币vt.接合,修补,凑合",pis,pi:s,,,unit-18
pig,"n.猪,猪肉,贪婪的人v.生小猪,贪婪地吃",pɪg,piɡ,,,unit-18
pilot,"n.飞行员,领航员,引水员vt.驾驶(飞机等),领航,引水v.驾驶",`paɪlət,ˈpailət,,,unit-18
pity,"v.(觉得)可怜n.憾事,怜悯,同情",`pɪtɪ,ˈpiti,,,unit-18
pizza,n.比萨饼(一种涂有乳酪核番茄酱的意大利式有馅烘饼),,,,,unit-18
place,"n.地方,地点,位置,职位,处境,住所,地位vt.放置,寄予,任命vi.名次列前",ples,pleis,,,unit-18
plan,"n.计划,设计图,平面图vt.计划,设计",plæn,plæn,,,unit-18
plane,"n.平面,飞机,水平,程度,刨adj.平的,平面的v.刨,刨平",plen,plein,,,unit-18
planet,n.[天]行星,`plænɪt,ˈplænit,,,unit-18
plant,"n.植物,庄稼,工厂,车间,设备vt.种植,栽培,培养,安置vi.种植",plænt,plɑ:nt,,,unit-18
plate,"n.盘子,金属板,图版,金银餐具vt.镀(金,银等),电镀,给...装钢板",plet,pleit,,,unit-18
play,"n.游戏,比赛,运动,赌博,剧本v.玩,扮演,播放,进行比赛v.播放",ple,plei,,,unit-18
player,"n.做游戏的人,比赛者,演员,演奏者,表演者",`pleɚ,ˈpleiə,,,unit-18
playground,"n.运动场,操场",`pleˌgraʊnd,ˈpleiɡraund,,,unit-18
please,"adj.满足的vt.请v.使喜欢,中...的意,使满足,取悦",pliz,pli:z,,,unit-18
pleased,"adj.高兴的,满足的",plizd,pli:zd,,,unit-18
plenty,"n.丰富,大量",`plɛntɪ,ˈplenti,,,unit-19
poet,n.诗人,`po.ɪt,ˈpouit,,,unit-19
point,"n.点,尖端,分数,要点,分数vt.弄尖,指向,指出,瞄准,加标点于vi.指,指向,表明",pɔɪnt,pɔint,,,unit-19
police,"n.警察队,警察机关,公安部门vt.管辖,维持治安adj.警察的,有关警察的",pə`lis,pəˈli:s,,,unit-19
polite,"adj.有礼貌的,客气的,有教养的,文雅的",pə`laɪt,pəˈlait,,,unit-19
pond,n.池塘v.筑成池塘,pɑnd,pɔnd,,,unit-19
pool,"n.池,撞球,联营,石油层vt.合伙经营,共享,共有,集中(钱、力量等),采掘,汇聚成vi.汇合成塘,郁积,联营",,,,,unit-19
poor,"adj.贫穷的,可怜的,乏味的,卑鄙的",pʊr,puə,,,unit-19
pop,"n.取出,砰然声,枪击,流行乐曲;adj.流行的,热门的,通俗的;vt.开枪打,抛出,取出,突然伸出,突然行动;adv.突然,砰地;vi.发出爆裂声,爆开,射击,突然出现,瞪大;n.<口>汽水;Post Office Protocol,电子邮件协议",pɑp,pɔp,,,unit-19
popcorn,n.爆米花,`pɑpˌkɔrn,ˈpɔpkɔ:n,,,unit-19
popular,"adj.通俗的,流行的,受欢迎的",`pɑpjəlɚ,ˈpɔpjulə,,,unit-19
post,,,,,,unit-19
postcard,"n.明信片,风景明信片",`postˌkɑrd,ˈpoustkɑ:d,,,unit-19
postman,n.邮差,`postmən,ˈpoustmən,,,unit-19
pot,"n.罐,壶v.罐装",pɑt,pɔt,,,unit-19
potato,n.马铃薯,pə`teto,pəˈteitou,,,unit-19
pour,"v.灌注,倾泻,涌入,流,倾盆大雨","por,pɔr,pʊr",pɔ:,,,unit-19
practice,"n.实行,实践,实际,惯例,习惯,练习,实习,开业",`præktɪs,ˈpræktis,,,unit-19
prepare,"v.准备,预备,有能力而且愿意",prɪ`pɛr,priˈpɛə,,,unit-19
present,"n.赠品,礼物,现在,瞄准adj.现在的,出席的,当面的vt.介绍,引见,给,赠送,上演,提出,呈现vi.举枪瞄准",`prɛznt,ˈpreznt,,,unit-19
president,"n.总统,会长,校长,行长",`prɛzədənt,ˈprezidənt,,,unit-19
press,"n.压,按,印刷,压力,拥挤,紧握,新闻vt.压,压榨,紧抱,逼迫vi.压,逼迫,拥挤,受压",prɛs,pres,,,unit-19
pretty,"adj.漂亮的,可爱的,优美的,机灵的,恰当的",`prɪtɪ,ˈpriti,,,unit-19
price,"n.价格,价钱,代价vt.给...定价,问...的价格,标明价格",praɪs,prais,,,unit-19
primary,"adj.第一位的,主要的,初步的,初级的,原来的,根源的","`praɪˌmɛrɪ,_mərɪ",ˈpraiməri,,,unit-19
prince,n.王子,prɪns,prins,,,unit-19
print,"n.版,印刷物,印迹,印章,印刷业,照片v.印刷,出版,印于,用印刷体写 [计]打印",prɪnt,print,,,unit-19
prize,"n.奖赏,奖金,奖品,捕获,捕获物,战利品adj.得奖的vt.珍视,估价,捕获,撬,撬开",praɪz,praiz,,,unit-19
problem,"n.问题,难题",`prɑbləm,ˈprɔbləm,,,unit-19
programme,"n.v.=program 程序,编程","`progræm,_grəm",ˈprouɡræm,,,unit-19
project,"n.计划,方案,事业,企业,工程v.设计,计划,投射,放映,射出,发射(导弹等),凸出","`prɑdʒɛkt,_dʒɪkt","ˈprɔdʒekt,_dʒikt",,,unit-19
protect,vt.保护 /n.保护/解除,prə`tɛkt,prəˈtekt,,,unit-19
proud,"adj.自豪的,得意的,骄傲的,妄自尊大的",,,,,unit-19
public,"n.公众,(特定的)人群,公共场所adj.公众的,公共的,公立的,公用的",`pʌblɪk,ˈpʌblik,,,unit-19
pudding,"n.布丁(一种以面粉,牛奶,鸡蛋等为基料的糊壮甜食)",`pʊdɪŋ,ˈpudiŋ,,,unit-19
pull,"v.拉,拖,拔n.拉,拖,拉力,牵引力",,,,,unit-19
pupil,"n.学生,小学生,瞳孔",`pjupl,"ˈpju:pl,_pil",,,unit-20
puppy,"n.(常指未满一岁的)小狗,小动物,自负的青年",`pʌpɪ,ˈpʌpi,,,unit-20
push,"n.推,推动,奋发,干劲,进取心,攻击vt.推,推动,推行,逼迫,增加vi.推,推进,增加,努力争取",,,,,unit-20
put,"vt.放,摆,安置,表达,迫使,移动,提出,赋予vi.出发,航行,发芽,击n.掷,投击,笨蛋,怪人 vbl.put的过去式和过去分词adj.固定不动的",,,,,unit-20
quarter,"n.四分之一,[常 pl.] 方向,地区,方面,季,季度,一刻钟 num.四分之一,刻",`kwɔrtɚ,ˈkwɔ:tə,,,unit-20
queen,"n.王后,女王",kwin,kwi:n,,,unit-20
question,"n.问题,疑问,询问v.询问,审问,怀疑",`kwɛstʃən,ˈkwestʃən,,,unit-20
queue,"n.行列,长队,队列vi.排队,排队等待",,,,,unit-20
quick,"adj.快的,迅速的,敏捷的,急剧的,活泼的adv.快n.活人,生物,要点,本质,核心,感觉敏锐的部位",kwɪk,kwik,,,unit-20
quiet,"adj.静止的,宁静的,从容的n.安静,闲适vi.平静下来vt.使平静,使安心,减轻(疑虑、恐惧等)",`kwaɪət,ˈkwaiət,,,unit-20
quite,"adv.相当,完全,十分,彻底",kwaɪt,kwait,,,unit-20
rabbit,"n.兔,野兔",`ræbɪt,ˈræbit,,,unit-20
race,"n.种族,种族气质,种族特征,赛跑,急流,姜根vi.赛跑,疾走vt.与...赛跑,使空转",res,reis,,,unit-20
radio,"n.<美>无线电通信,无线电接收装置,无线电广播设备v.用无线电发送",`redɪˌo,ˈreidiou,,,unit-20
rain,"n.雨,下雨,雨天vi.下雨vt.使大量落下,大量地给",ren,rein,,,unit-20
rainbow,"n.彩虹,五彩缤纷的排列,幻想,幻觉,虚无缥缈的东西adj.五彩缤纷的",`renˌbo,ˈreinbou,,,unit-20
rare,"adj.稀罕的,杰出的,珍贵的,(肉类)半熟的adv.非常",rɛr,rɛə,,,unit-20
rat,,,,,,unit-20
reach,"n.延伸,区域,河段,范围,(车子前后轴的)联接杆,横风行驶vt.到达,达到,伸出,影响vi.达到,延伸,伸出手,传开",ritʃ,ri,,,unit-20
read,"v.读,阅读,理解,学习adj.有学问的n.读取 vbl.read的过去式和过去分词",rid,ri:d,,,unit-20
ready,"adj.有准备的,准备完毕的,甘心的,情愿的,现成的,迅速的",`rɛdɪ,ˈredi,,,unit-20
real,"adj.真的,真实的,不动产的",,,,,unit-20
receive,"vt.收到,接到,接收,遭到,受到,接待,接见",rɪ`siv,riˈsi:v,,,unit-20
relative,"n.亲戚,关系词,相关物,亲缘植物adj.有关系的,相对的,比较而言的",`rɛlətɪv,ˈrelətiv,,,unit-20
remember,"vt.回忆起,铭记,纪念vi.记得",rɪ`mɛmbɚ,riˈmembə,,,unit-20
reply,"n.答复,报复,答辩vi.答复,回击,报复,答辩vt.回答",rɪ`plaɪ,riˈplai,,,unit-20
report,"n.报告,传说,谣言,声誉,名声,爆炸声v.报导,汇报,报到,告发","rɪ`port,_`pɔrt",riˈpɔ:t,,,unit-20
reporter,"n.记者,通讯员",,,,,unit-20
research,"n.研究,调查vi.研究,调查","`risʒtʃ,rɪ`sʒtʃ","ri:ˈsə:tʃ,ˈrisə:tʃ",,,unit-20
rest,"n.休息,静止,支持物,台,架,[音]休止符,其余,其他vi.休息,睡眠,静止,依靠,搁在,保持(状态),取决于vt.使休息,使静止,睡眠,依靠,搁在",rɛst,rest,,,unit-20
restaurant,"n.餐馆,饭店","`rɛstərənt,-ˌrɑnt","ˈrestərɔnt,_rənt",,,unit-20
retire,"vi.退休,引退,退却,撤退,就寝",rɪ`taɪr,riˈtaiə,,,unit-20
reuse,vt.再使用n.重新使用,ri`juz,ˌri:ˈju:z,,,unit-20
rich,"adj.富的,有钱的,富有的,富饶的,肥沃的,充足的,丰富的",rɪtʃ,ritʃ,,,unit-20
ride,"v.骑,乘n.骑,乘",raɪd,raid,,,unit-20
riddle,"n.谜,谜语,神秘人物v.解谜,出谜,迷惑",`rɪdl,ˈridl,,,unit-21
ring,"n.环,环形物,环状,铃声,声调,打电话,拳击场vt.包围,套住,按铃,敲钟vi.成环形,响,鸣,敲钟,回响,按铃",rɪŋ,riŋ,,,unit-21
river,"n.河,江",`rɪvɚ,ˈrivə,,,unit-21
road,"n.路,道路,公路,大道",,,,,unit-21
robber,"n.强盗,盗贼",`rɑbɚ,ˈrɔbə,,,unit-21
robot,"n.机器人,遥控设备,自动机械,机械般工作的人","`robət,_bɑt",ˈroubɔt,,,unit-21
rock,"n.岩石,暗礁,石头,摇动vt.摇摆,使动摇vi.摇,摇动",rɑk,rɔk,,,unit-21
role,"n.角色,任务",,,,,unit-21
roll,"adj.滚动,滚转,(使)摇摆,(使)摇晃,卷起,卷拢vt.辗,轧n.(一)卷,卷形物,摇晃,摆动,名单",,,,,unit-21
room,"n.房间,屋子,寓所,场所,地位,空间,机会,余地",,,,,unit-21
rooster,"n.雄禽,<主美>公鸡",`rustɚ,ˈru:stə,,,unit-21
rope,"n.绳,索,绳索v.围起",,,,,unit-21
round,"n.圆,圆形物,巡回,一轮;adj.圆的,丰满的,大概的,完全的,率直的;prep.围着,附近,绕过,在...周围;vt.弄圆,使成圆形,绕行,完成,四舍五入vi.变圆,发胖,环行,拐弯,进展;adv.围绕着,循环地,在周围,迂回地,朝反方向,挨个",,,,,unit-21
row,"n.排,行v.划(船)",,,,,unit-21
rubbish,"n.垃圾,废物,废话",`rʌbɪʃ,ˈrʌbiʃ,,,unit-21
ruler,"n.统治者,管理者,尺,直尺n.标尺,划线板,划线的人",`rulɚ,ˈru:lə,,,unit-21
run,"n.跑,赛跑,奔跑,运转,趋向vi.跑,奔,逃跑,竞选,跑步,蔓延,进行,行驶vt.使跑,参赛,追究,使流,管理,运行,开动adj.熔化的,融化的,浇铸的 vbl.run的过去式和过去分词",,,,,unit-21
sad,"adj.忧愁的,悲哀的",sæd,sæd,,,unit-21
safe,"n.保险箱,饭橱,菜橱,冷藏室adj.免受攻击的,安全的,可靠的,有把握的",sef,seif,,,unit-21
safety,"n.安全,保险,安全设备,保险装置",`seftɪ,ˈseifti,,,unit-21
salad,n.色拉,`sæləd,ˈsæləd,,,unit-21
sale,"n.出售,卖出,贱卖,廉价出售,销路,销售额",sel,seil,,,unit-21
same,"adj.同一的,相同的,无变化的,上述的,所谓 pron.同样的事物adv.同样地",sem,seim,,,unit-21
sand,"n.沙,沙子,[pl.] 沙滩,沙地v.撒沙子",sænd,sænd,,,unit-21
sandwich,"n.夹心面包,三明治vt.夹入中间v.做成三明治","`sændwɪtʃ,`sæn_","ˈsænwidʒ,_tʃ",,,unit-21
sandy,"adj.沙的,含沙的,沙质 Sandy 桑迪(男子名)",`sændɪ,ˈsændi,,,unit-21
sausage,"n.香肠,腊肠",`sɔsɪdʒ,ˈsɔsidʒ,,,unit-21
save,"vt.解救,保存,保全,保留,节省,储蓄vi.挽救,节省,救球 prep.除...之外n.救球 /v.[计]保存/更新",sev,seiv,,,unit-21
say,"v.说,讲,背诵,念,表示,比方说,假定n.话语,想说的意见,发言权",se,sei,,,unit-21
saying,"n.话,谚语",`seɪŋ,ˈseiiŋ,,,unit-21
scarf,"n.围巾,头巾领巾,嵌接,嵌接处,切口v.围(围巾),披(头巾)嵌接",skɑrf,skɑ:f,,,unit-21
school,"n.学校,学院,学习,授课,求学,全体学生,学派vt.锻炼,教育",,,,,unit-21
schoolbag,n.书包,,,,,unit-21
schoolmate,"n.同窗,同学",,,,,unit-21
science,"n.科学,自然科学,理科",`saɪəns,ˈsaiəns,,,unit-21
scissors,n.pl.剪刀,`sɪzɚz,ˈsizəz,,,unit-21
sea,"n.海洋,大浪,大量,许多",si,si:,,,unit-22
seafood,"n.海产食品,海味",,,,,unit-22
search,"n.搜寻,查究v.搜索,搜寻,探求,调查",sʒtʃ,sə:tʃ,,,unit-22
season,"n.季,季节v.(使)适应,(使)适用,调味",`sizn,ˈsi:zn,,,unit-22
seat,"n.座,座位,所在地,场所,席位vt.使坐下",sit,si:t,,,unit-22
secret,"n.秘密,秘诀,奥秘adj.秘密的,隐秘的,幽静的、",`sikrɪt,ˈsi:krit,,,unit-22
secretary,"n.秘书,书记,部长,大臣",`sɛkrəˌtɛrɪ,ˈsekrətri,,,unit-22
see,"v.看,看见,了解,领会,注意,留心,经历,阅历",si,si:,,,unit-22
seed,"n.种子,萌芽,原由,根据,子孙,精液vt.播种,结实,成熟,去...籽vi.结实,播种",sid,si:d,,,unit-22
seek,"v.寻找,探索,寻求",sik,si:k,,,unit-22
sell,"v.出售,卖",sɛl,sel,,,unit-22
send,"vt.送,寄,发送,派遣,打发",sɛnd,send,,,unit-22
sentence,"n.句子,判决,宣判,文句vt.宜判,判决",`sɛntəns,ˈsentəns,,,unit-22
serious,"adj.严肃的,认真的,严重的",`sɪrɪəs,ˈsiəriəs,,,unit-22
set,"v.放,置,移动到,使(人或事物处于某种状态),提出,树立,规定,调整;n.一套,一副,一批,接受机,装置,趋势,布景;adj.固定的,规定的,坚决的,固执的,事先做好的;Secure Electronics Transations Protocol,安全电子商务协议",sɛt,set,,,unit-22
shake,"v.摇动,摇,颤抖,震动n.摇动,摇,颤抖,震动",ʃek,ʃeik,,,unit-22
shall,"v.aux.将,会",,,,,unit-22
shape,"n.外形,形状,形态,(尤指女子的)体形,身段,形式vt.制作,定形,使成形,塑造,使符合vi.成形,形成,成长",ʃep,ʃeip,,,unit-22
share,"n.共享,参与,一份,部分,份额,参股vt.分享,均分,共有,分配vi.分享","ʃɛr,ʃær",ʃɛə,,,unit-22
sheep,"n.羊,绵羊,羞答答的人,胆小鬼,信徒",ʃip,ʃi:p,,,unit-22
shelf,"n.架子,搁板",ʃɛlf,ʃelf,,,unit-22
shell,"n.贝壳,壳,外形,炮弹vt.去壳,脱落,炮轰vi.剥落,脱壳 [计] 设定命令行解释器的位置",ʃɛl,ʃel,,,unit-22
shine,"v.照耀,发光vt.擦亮n.光泽,光亮",ʃaɪn,ʃain,,,unit-22
ship,"n.船,海船,舰v.装上船,航运,载运,在船上工作",ʃɪp,ʃip,,,unit-22
shirt,"n.衬衫,衬衣",ʃʒt,ʃə:t,,,unit-22
shoe,"n.鞋,鞋子v.穿...鞋",,,,,unit-22
shoot,"n.射击,发射,摄影,急流vt.射击,投射,伸出,拍摄,用完,挥出,给...注射,使爆炸vi.射出,射击,发出,发芽,射门,拍电影",,,,,unit-22
shop,"n.商店,店铺vi.买东西,购货",ʃɑp,ʃɔp,,,unit-22
shopping,"n.买东西,购物",`ʃɑpɪŋ,ˈʃɔpiŋ,,,unit-22
short,"n.简略,短路,短裤adj.短的,矮的,不足的,不够的,(智力等)弱的,浅薄的,松脆的,简短adv.突然,缺乏,不足",ʃɔrt,ʃɔ:t,,,unit-22
shorts,n.短裤,ʃɔrts,ʃɔ:ts,,,unit-22
should,"v.aux.应该,将要",,,,,unit-22
shoulder,"n.肩,肩部,侧翼vt.肩负,承当",`ʃoldɚ,ˈʃouldə,,,unit-22
shout,"v.呼喊,呼叫n.呼喊,呼叫",,,,,unit-22
show,"n.表示,展览,炫耀,外观,假装v.出示,指示,引导,说明,显示,展出,放映",,,,,unit-22
shower,"n.阵雨,淋浴,(一)阵,(一)大批vt.大量地给与",`ʃaʊɚ,ˈʃauə,,,unit-23
shut,"v.关上,闭上,关闭",,,,,unit-23
shy,"adj.怕羞的,畏缩的,害羞的",ʃaɪ,ʃai,,,unit-23
sick,"n.病人adj.不舒服,有病的,恶心的,厌恶的,渴望的,病态的vt.呕吐,追击,使狗去咬",sɪk,sik,,,unit-23
side,"n.边,旁边,面,侧面,胁,一方,(一个)方面,摆架子adj.旁边的,侧面的,副的,枝节的vi.站在同一边",saɪd,said,,,unit-23
sign,"n.标记,符号,记号,征兆,迹象,征候v.签名(于),署名(于)～,签署",saɪn,sain,,,unit-23
silk,n.丝绸,sɪlk,silk,,,unit-23
silly,"adj.愚蠢的,无聊的,失去知觉的,无助的",`sɪlɪ,ˈsili,,,unit-23
since,"adv.以后,后来,以前 prep.自从,自...以来 conj.自...以后,自...以来,因为,既然",sɪns,sins,,,unit-23
sing,"v.唱,演唱",sɪŋ,siŋ,,,unit-23
sir,"n.先生,阁下,(对爵士或男爵前的尊称)爵士",,,,,unit-23
sit,"v.(使)就座,(使)坐",sɪt,sit,,,unit-23
size,"n.大小,尺寸,(衣服等)尺码vt.依大小排列 /n.大小/移动",saɪz,saiz,,,unit-23
skate,"n.冰鞋,溜冰,老马,可鄙的人vi.滑冰,滑过",sket,skeit,,,unit-23
ski,n.滑雪橇vi.滑雪,ski,ski:,,,unit-23
skin,"n.皮,皮肤,兽皮,皮毛,外皮,外壳v.长皮",skɪn,skin,,,unit-23
skirt,n.裙子v.环绕,skʒt,skə:t,,,unit-23
sky,"n.天,天空",skaɪ,skai,,,unit-23
sleep,"vi.睡,睡觉n.睡眠",slip,sli:p,,,unit-23
slide,"v.(使)滑动,(使)滑行n.滑,滑动,幻灯片",slaɪd,slaid,,,unit-23
slim,"adj.苗条的,纤细的,不足取的,无价值的,细长的v.变细,减肥",slɪm,slim,,,unit-23
slip,"n.滑倒,事故,片,纸片;vi.滑动,滑倒,失足,减退;vt.使滑动,滑过,摆脱,闪开,塞入;adj.滑动的,活络的,有活结的;Serial Line Interface Protocol,串行线路接口协议",slɪp,slip,,,unit-23
slow,"adj.慢的,迟钝的,不活跃的,缓慢的v.(～ down)(使)慢下来,(使)减速,减缓adv.缓慢",,,,,unit-23
small,"adj.小的,少的",smɔl,smɔ:l,,,unit-23
smart,"n.刺痛,痛苦adj.巧妙的,聪明的,漂亮的,潇洒的,刺痛的,剧烈的,厉害的,敏捷的vi.刺痛,懊恼 轻快地,严厉地,灵巧地,精确的,时髦地,大大的",smɑrt,smɑ:t,,,unit-23
smell,"n.气味,臭味,嗅觉v.嗅,闻到,散发(...的)气味,有(...的)气味",smɛl,smel,,,unit-23
smile,vi.(～ at) 微笑n.微笑,smaɪl,smail,,,unit-23
smoke,"n.烟,烟尘,烟幕v.抽烟,吸烟vi.冒烟",,,,,unit-23
snake,n.蛇v.迂回前进,snek,sneik,,,unit-23
snail,"n.蜗牛,迟钝的人v.捉蜗牛,缓慢移动",snel,sneil,,,unit-23
snack,"n.小吃,快餐,一份v.吃快餐(小吃)",snæk,snæk,,,unit-23
snow,n.雪vi.下雪,,,,,unit-23
so," conj.因而,所以,那么,这样看来adv.[表示程度] 如此,那么,非常,很,[表示方式] 这样,那样,如此,因此 [域] Somalia ,索马里",,,,,unit-23
soap,"n.肥皂;Simple Object Access Protocol,简单对象访问协议",,,,,unit-23
sock,"n.短袜,鞋内衬底,轻软鞋,一击,零食vt.给...穿袜,重击,猛投,请...吃零食vi.爱吃零食adj.非常成功的adv.正着地,不偏不倚地",sɑk,sɔk,,,unit-23
sofa,n.沙发,`sofə,ˈsoufə,,,unit-23
soft,"adj.软的,柔软的,温和的,温柔的,不含酒精的n.软件",sɔft,sɔft,,,unit-24
some,"adj.一些,少许,若干,有些,大约,相当的 pron.一些,若干,有些,某些",,,,,unit-24
someday,adv.有一天,`sʌmˌde,ˈsʌmdei,,,unit-24
someone," pron.有人,某人","`sʌmˌwʌn,_wən",ˈsʌmwʌn,,,unit-24
something," pron.某事,某物adj.有点象,大约",`sʌmθɪŋ,ˈsʌmθiŋ,,,unit-24
sometime,"adv.在某一时候,曾经,有一天",`sʌmˌtaɪm,ˈsʌmtaim,,,unit-24
sometimes,"adv.不时,有时",`sʌmˌtaɪmz,ˈsʌmtaimz,,,unit-24
somewhere,"adv.某处,在某处","`sʌmˌhwɛr,-ˌwɛr","ˈsʌmwɛə,_hwɛə",,,unit-24
song,"n.歌,歌曲",sɔŋ,sɔŋ,,,unit-24
soon,"adv.立刻,不久,快,早,宁愿",,,,,unit-24
sorry,"adj.遗憾的,对不起的,可怜的,抱歉的","`sɔrɪ,`sɑrɪ",ˈsɔri,,,unit-24
sound,"n.声音,语音,噪音,吵闹,海峡,听力范围,探条adj.健全的,可靠的,合理的,有效彻底的,健康的adv.彻底地,充分地vi.发出声音,回响,测深,听起来vt.使发声,宣告,听诊,测...深,试探",,,,,unit-24
soup,,,,,,unit-24
sour,"adj.酸的,发酵的,酸腐的,酸味的",saʊr,ˈsauə,,,unit-24
space,"n.空间,间隔,距离,空地,余地,一段时间vt.留间隔,隔开",spes,speis,,,unit-24
speak,"v.说话,谈话,说明事实,表示意见,发言,演讲,操(某种语言)",spik,spi:k,,,unit-24
special,"n.特派员,专车,专刊adj.特别的,特殊的,专门的,专用的",`spɛʃəl,ˈspeʃl,,,unit-24
speech,"n.演说,讲话 语音",spitʃ,spi:tʃ,,,unit-24
spell,"n.符咒,魅力,一段时间,轮班vt.拼写,拼成,意味着,轮值,招致,迷住vi.轮替,拼字",spɛl,spel,,,unit-24
spend,"v.花费,消耗,用尽vt.度过,消磨",spɛnd,spend,,,unit-24
spicy,"adj.加香料的,出产香料的,辛辣的,有风味的",`spaɪsɪ,ˈspaisi,,,unit-24
spit,"n.唾液v.吐(唾沫),吐出,发射,发出,喷吐",spɪt,spit,,,unit-24
sport,"n.运动,[pl.] 运动会","sport,spɔrt",spɔ:t,,,unit-24
spot,"n.班点,污点,地点,场所,现场v.沾污,弄脏,侦察vt.认出,发现",spɑt,spɔt,,,unit-24
spread,"n.伸展,展开,传播,蔓延,酒席,宴会,桌布v.伸展,展开,铺,涂,敷,摆,传播,散布",sprɛd,spred,,,unit-24
spring,"n.春天,跃起,泉,弹簧,发条,弹性,弹力,根源v.跳,跃,跃出,使跳跃,使爆炸,触发",sprɪŋ,spriŋ,,,unit-24
square,"n.正方形,广场,平方,直角尺adj.正方形的,四方的,直角的,正直的,公平的,结清的,平方的,彻底的adv.成直角地,正直地,公平地,坚定地v.使成方形,弄平,使直,与...一致,符合,自乘,结算",skwɛr,skwɛə,,,unit-24
stage,"n.舞台,戏剧,活动场所,发展的进程,阶段或时期,驿站vt.上演,筹备,举行",stedʒ,steidʒ,,,unit-24
stair,"n.(阶梯的某)一级,楼梯",stɛr,stɛə,,,unit-24
stamp,"n.邮票,印花,印,图章,标志,印记,跺脚,顿足v.跺(脚),顿(足),压印",stæmp,stæmp,,,unit-24
stand,"n.停止,抵抗的状态,立场,立足点,看台,架子,台v.站,立,站起,(使)竖立,(使)位于,维持不变,持久,经受",stænd,stænd,,,unit-24
star,"n.星,恒星,明星,名角",stɑr,stɑ:,,,unit-24
start,"n.动身,出发点,开始,惊起,惊跳,赛跑的先跑权,优先地位v.出发,起程,开始,着手,惊动,惊起,起动,发动  削减战略武器条约START(Strategic Arms Reduction Treaty)",stɑrt,stɑ:t,,,unit-24
station,"n.位置,岗位,地位,身份,...局,...站vt.驻扎,配置",`steʃən,ˈsteiʃn,,,unit-24
stay,"n.逗留,延缓,中止,支柱v.在,暂住,坚持,止住,抑制,延缓,停(下)",ste,stei,,,unit-24
steal,"v.偷,窃取,偷窃,偷盗",stil,sti:l,,,unit-25
step,"n.脚步,步幅,步调,步伐,步骤,措施,梯级,台阶v.走,举步,移步,踏 产品数据转换规范",stɛp,step,,,unit-25
stick,"n.棍,棒,手杖v.粘住,粘贴vt.刺,戳",stɪk,stik,,,unit-25
still,"n.寂静,剧照,照片adj.静止的,静寂的adv.还,仍,更,还要,尽管如此,依然 静止画面,静态图片",stɪl,stil,,,unit-25
stir,"n.轰动,搅动,监牢vt.动,移动,摇动,激起,搅和,惹起vi.走动,传播,流行",stʒ,stə:,,,unit-25
stocking,n.长袜,`stɑkɪŋ,ˈstɔkiŋ,,,unit-25
stomach,"n.胃,胃口,胃部v.容忍",`stʌmək,ˈstʌmək,,,unit-25
stomachache,"n.胃痛,肚子痛",,,,,unit-25
stone,"n.石,石头,宝石",,,,,unit-25
stop,"n.停止,车站,逗留,障碍,风琴的音栓,填塞vi.停止,被塞住vt.塞住,堵塞,阻止,击落,断绝,终止,难倒",stɑp,stɔp,,,unit-25
store,"vt.贮藏,贮备,存储n.商店,店铺,贮藏,贮备","stor,stɔr",stɔ:,,,unit-25
story,"n.故事,小说,传说,事迹,经历,假话,谎话","`storɪ,`stɔrɪ",ˈstɔ:ri,,,unit-25
storybook,"n. 故事书,小说adj. 像童话故事那样圆满幸福的",,,,,unit-25
straight,"adj.直的,诚实的,正直的,率直的,整齐的adv.直,直接,一直",stret,streit,,,unit-25
strange,"adj.陌生的,生疏的,前所未知的,奇怪的,奇异的,不惯的",strendʒ,streindʒ,,,unit-25
street,"n.街,街道",strit,stri:t,,,unit-25
strict,"adj.(～ with) 严格的,严厉的,严谨的,精确的",strɪkt,strikt,,,unit-25
strong,"adj.强,强壮的,坚固的,浓的,强烈的,强大的,强的,强硬的",strɔŋ,strɔŋ,,,unit-25
student,"n.(大小学校的)学生,研究者,学者",,,,,unit-25
study,"n.学习,研究,学科,试作,论文,求学,努力,书房vt.学习,攻读,研究,考虑,计划vi.学习,试图",`stʌdɪ,ˈstʌdi,,,unit-25
style,"n.风格,时尚,文体,风度,类型,字体vt.称呼,设计,使合潮流 使铁笔作装饰画",staɪl,stail,,,unit-25
subject,"n.题目,主题,科目,学科,国民,[语法]主语adj.受他国统治的,未独立的,受制于...的,受...影响的,以...为条件的vt.使屈从于...,使隶属",`sʌbdʒɪkt,ˈsʌbdʒikt,,,unit-25
success,"n.成功,成就,胜利,发迹,兴旺",sək`sɛs,səkˈses,,,unit-25
such,"adj.这样的,这种,某一 pron.这样的人(们)或物",,,,,unit-25
summer,"n.夏季vi.避暑,过夏天adj.夏季的,在夏季的",`sʌmɚ,ˈsʌmə,,,unit-25
sun,"n.太阳,阳光,恒星vt.晒n.(Sun) 星期天(=Sunday) 美国Sun公司,主要生产SUN系列工作站和网络产品,是JAVA语言的创始者",,,,,unit-25
sunglasses,,,,,,unit-25
sunny,"adj.阳光充足的,照耀的,快乐的",`sʌnɪ,ˈsʌni,,,unit-25
sunrise,n.日出,`sʌnˌraɪz,ˈsʌnraiz,,,unit-25
supermarket,n.超级市场,`supɚˌmɑrkɪt,ˈsu:pəˌmɑ:kit,,,unit-25
supper,n.晚餐,`sʌpɚ,ˈsʌpə,,,unit-25
sure,"adj.对....有把握,确信某事,稳当的,可靠的adv.的确,当然",ʃʊr,"ʃuə,ʃɔ:",,,unit-25
surf,"n.海浪,拍岸浪vi.作冲浪运动vt.在激浪上驾(船),在...冲浪",sʒf,sə:f,,,unit-25
surprice,,,,,,unit-25
swan,"n.天鹅,杰出的诗人、歌手,天鹅座","swɑn,swɔn",swɔn,,,unit-25
sweater,"n.厚运动衫,毛线衫",`swɛtɚ,ˈswetə,,,unit-25
sweatpants,,,,,,unit-26
sweep,"v.扫,打扫,清扫,席卷,冲光,扫过,掠过",swip,swi:p,,,unit-26
sweet,"adj.甜的,可受的,美好的,芳香的n.糖果",swit,swi:t,,,unit-26
swim,"n.游泳,漂浮,潮流,眼花adj.游泳时穿戴的vi.游泳,游,漂浮,旋转,覆盖,充溢,眩晕,浸vt.游过,使浮起adj.游泳时穿戴的",swɪm,swim,,,unit-26
swimming,"n.游水,目眩adj.游泳(者)的,游泳(者)用的,会游泳的",,,,,unit-26
T-shirt,,,,,,unit-26
table,"n.桌子,餐桌,工作台,平地层,石板,表格adj.桌子的,台子的vt.搁置,嵌合,制表",`tebl,ˈteibl,,,unit-26
tail,"n.尾部,尾巴,尾状物,后部,踪迹,排的长队,限定继承权;adj.在后面的,限定继承的,尾部的,后面来的,后部的;vt.为...装尾,附于其后,尾随,跟踪,监视,使架住;vi.成为散乱的行列,跟踪,嵌入,船尾搁浅",tel,teil,,,unit-26
take,"v.拿,拿走,取,抓,占领,获得,接受,感受n.捕获量",tek,teik,,,unit-26
talk,"v.谈话,讲,谈论,议论,说服某人做某事n.谈话,会谈,讲演,讲话",tɔk,tɔ:k,,,unit-26
tall,"adj.高的,长的,夸大的adv.<俚> 夸大地",tɔl,tɔ:l,,,unit-26
tape,"n.带子,带,录音带,磁带vt.录音",tep,teip,,,unit-26
taste,"v.品尝,辨味,(of)有 ...味道,领略vt.体验,感到n.味道,味觉",test,teist,,,unit-26
tasty,"adj.好吃的,可口的n.好吃的东西,吸引人的东西",`testɪ,ˈteisti,,,unit-26
taxi,n.出租汽车v.乘坐出租汽车,`tæksɪ,ˈtæksi,,,unit-26
tea,"n.茶,茶树,茶叶,茶点vt.给...沏茶vi.喝茶,进茶点",ti,ti:,,,unit-26
teach,"v.讲授,教授",titʃ,ti:tʃ,,,unit-26
teacher,n.教师,`titʃɚ,ˈti:tʃə,,,unit-26
team,"n.队,组",tim,ti:m,,,unit-26
teapot,n.茶壶,,,,,unit-26
telephone,"n.电话,电话机v.打电话",`tɛləˌfon,ˈtelifoun,,,unit-26
television,"n.电视,电视机,电机学,电视广播事业",`tɛləˌvɪʒən,"ˈteliˌviʒn,ˌteliˈviʒn",,,unit-26
tell,"vt.告诉,说,吩咐,断定,知道vi.讲述,泄密,告发,表明,作证n.<方>讲的事,传闻",tɛl,tel,,,unit-26
temperature,n.温度,`tɛmprətʃɚ,ˈtemprətʃə,,,unit-26
temple,"n.庙,寺,神殿,教堂,礼拜堂,太阳穴,鬓角",`tɛmpl,ˈtempl,,,unit-26
tennis,"n.网球运动adj.网球的,用于网球运动的vi.打网球",`tɛnɪs,ˈtenis,,,unit-26
tent,n.帐篷,tɛnt,tent,,,unit-26
term,"n.学期,期限,期间,条款,条件,术语",tʒm,tə:m,,,unit-26
terrible,"adj.很糟的,极坏的,可怕的,骇人的",`tɛrəbl,ˈterəbl,,,unit-26
test,"n.测试,试验,检验v.测试,试验,检验",tɛst,test,,,unit-26
than, conj.比 prep.与...相比较,,,,,unit-26
thank,"vt.感谢,用于表示强制的要求,用将来时",θæŋk,θæŋk,,,unit-26
thanks,n.感谢;int.谢谢,,,,,unit-26
that,"adj.那,那个 pron.那,那个 conj.引导从句",ðæt,ðæt,,,unit-26
the, art.那,,,,,unit-26
theatre,n.=theater,`θiətɚ,ˈθi:ətə,,,unit-27
then,"adv.当时,在那时,那么,因而,然后,于是",ðɛn,ðen,,,unit-27
there,adv.在那里,ðɛr,ðɛə,,,unit-27
these,adj.pron.这些,ðiz,ði:z,,,unit-27
thick,"adj.厚的,粗的,稠的,浓的n.最拥挤部份,活动最多部份,事物的粗大浓密部份",θɪk,θik,,,unit-27
thief,"n.小偷,贼",θif,θi:f,,,unit-27
thin,"adj.薄的,细的,瘦的,稀少的,稀疏的,(液体、气体)稀薄的,淡的,空洞的vt.使变薄,使变细,使稀少,使淡vi.变薄,变细,稀少,变淡adv.薄地,稀疏地,微弱地n.细小部分",θɪn,θin,,,unit-27
thing,"n.东西,物,[pl.] 所有物,用品,事,事情,事件,[pl.] 事态",θɪŋ,θiŋ,,,unit-27
think,"v.想,思索,认为vt.认为,以为,预料",θɪŋk,θiŋk,,,unit-27
thirsty,"adj.口渴的,渴望的,热望的",`θʒstɪ,ˈθə:sti,,,unit-27
this,"adj.这,这个,今,本 pron.这,这个",ðɪs,ðis,,,unit-27
those,adj.pron.那些,,,,,unit-27
through," prep.穿过,通过,从开始到结束,经由,以adv.从头到尾,自始至终,直达地,彻底,完全adj.直达的,直通的",,,,,unit-27
throw,"n.投,掷v.扔,抛,(指马)把骑者摔在地上,使苦恼,惊忧,投掷",,,,,unit-27
tick,"n.滴答声,记号,勾号,扁虱v.滴答地响,标以记号,作滴答声",tɪk,tik,,,unit-27
ticket,"n.票,入场券",`tɪkɪt,ˈtikit,,,unit-27
tidy,"n.椅子的背罩,装杂碎的容器adj.整齐的,整洁的,精简的vt.弄整齐,收拾,整理vi.整理,收拾adj.<口>可观的、相当大的",`taɪdɪ,ˈtaidi,,,unit-27
tie,"n.带子,线,鞋带,不分胜负,关系,领带,领结,平局vt.系,打结,扎,约束,与...成平局vi.被用带(或绳子等)系住,结合,打结,不分胜负",taɪ,tai,,,unit-27
till," prep.直到,在...以前,迄 conj.在...以前,直到...为止vt.耕种n.(商店)铁柜,放钱的抽屉,备用现金,冰渍","tɪl,tl",til,,,unit-27
time,"n.时间,时侯,时机,节拍,期限,次数,时期,比赛限时vt.安排...的时间,记录...的时间,计时,定时vi.打拍子,(...)合拍adj.时间的,记时的,定时的,定期的,分期的 /n.时间/日期",taɪm,taim,,,unit-27
tin,"n.[化]锡,马口铁,罐vt.涂锡于adj.锡制的",tɪn,tin,,,unit-27
tip,"n.顶,尖端,梢,倾斜,轻击,末端,小费,秘密消息vt.在...顶端装附加物,使倾斜,使翻倒,暗示,轻击,给,泄露,给小费vi.倾斜,翻倒,倾覆,踮脚走,给小费n.提示,技巧",tɪp,tip,,,unit-27
to," prep.向,往,给...,于...,直到...为止,在...之前,比,对,[表示程度、范围] 到,达 [域] Tonga ,汤加",,,,,unit-27
today,"adv.今天,现今n.今天,现今",tə`de,"təˈdei,tuˈdei",,,unit-27
toe,"n.趾,脚趾,足尖vt.以趾踏触,用脚尖走vi.动脚尖 [军] Tables of Organization and Equipment,编制及装备表",,,,,unit-27
together,"adv.共同,一起,合起来,集拢地",tə`gɛðɚ,"təˈɡeðə,tuˈɡ_",,,unit-27
toilet,"n.盥洗室,梳洗",`tɔɪlɪt,ˈtɔilit,,,unit-27
tomato,"n.番茄,西红柿",tə`meto,təˈmɑ:tou,,,unit-27
tomorrow,"adv.明天见n.明天,未来","tə`mɔro,_`mɑr_","təˈmɔrou,tuˈm_",,,unit-27
tongue,"n.舌头,舌状物,语言,说话方式,口语vt.舔,闲谈,斥责vi.吹管乐器",,,,,unit-27
tonight,"adv.今晚,今夜n.今晚",tə`naɪt,"təˈnait,tuˈn_",,,unit-27
too,"adv.也,太过份",,,,,unit-27
tooth,n.牙齿,,,,,unit-27
toothache,n.牙痛,,,,,unit-27
top,"n.顶部,顶端,极点,顶蓬,陀螺,(常用复数)根菜植物的叶子,上部,盖子adj.最高的,顶上的,头等的vt.盖,戴,高耸,达到顶端,截去(植物)顶端,高过,超越vi.结束,完成,胜过",tɑp,tɔp,,,unit-27
topic,"n.话题,主题",`tɑpɪk,ˈtɔpik,,,unit-27
touch,"n.触,触觉,接触,联系,轻触,碰,缺点,格调vt.接触,触摸,触及,达到,涉及,点缀,使接触,感动vi.触摸,接近,涉及,提到",,,,,unit-28
tour,"n.旅行,游历,旅游v.旅行,游历,巡回,漫游",tʊr,tuə,,,unit-28
tower,"n.塔,城堡",`taʊɚ,ˈtauə,,,unit-28
town,"n.市镇,城镇",,,,,unit-28
toy,,,,,,unit-28
traditional,"adj.传统的,惯例的,口传的,传说的",trə`dɪʃənl,trəˈdiʃənl,,,unit-28
traffic,"n.交通,通行,运输,贸易,交通量,交易,交往,通信量vi.交易,买卖vt.在...通行,用...作交换",`træfɪk,ˈtræfik,,,unit-28
train,"n.火车,列车,行列,后果,顺序,长队,长袍(裙)拖地的部分,导火线vt.训练,培养,瞄准,(园艺)整枝vi.锻炼",tren,trein,,,unit-28
trash,"n.无价值之物,无聊的作品,垃圾,废物",træʃ,træʃ,,,unit-28
travel,"v.旅行,传播vi.行进,传播n.旅行",`trævl,ˈtrævl,,,unit-28
treat,"n.宴请,款待,请客vt.视为,对待,论述,治疗,款待vi.交涉,谈判,协商,款待,作东",trit,tri:t,,,unit-28
tree,"n.树,木料,树状物vt.赶上树n.[计] 显示驱动器的子目录结构vi.爬上树,逃上树",tri,tri:,,,unit-28
trick,"n.诡计,骗局,恶作剧,窍门,诀窍vt.欺骗,哄骗",trɪk,trik,,,unit-28
trip,"n.(短途)旅行,绊倒,摔倒,失足,往返,差错,支吾,旅程vt.使跌倒,使犯错,使失败,挑剔vi.轻快地走,摔倒,绊倒,失足,结巴,远足,犯错,旅行",trɪp,trip,,,unit-28
trousers,"n.pl.裤子,长裤",`traʊzɚz,ˈtrauzəz,,,unit-28
trunk,"n.干线,树干,躯干,箱子,主干,象鼻vt.把...放入旅行箱内adj.树干的,躯干的,干线的,箱形的",,,,,unit-28
truth,"n.事实,确实,真理,原理",,,,,unit-28
try,"n.尝试v.试,试图,努力,试验,磨难,考验,审问",traɪ,trai,,,unit-28
turn,"n.转动,旋转,转变方向,轮流,时机,(一)回,倾向,癖性v.(使)转动,翻转,扭转,(使)变质,超过(年龄,数量等),车(成)",tʒn,tə:n,,,unit-28
turtle,n.海龟,`tʒtl,ˈtə:tl,,,unit-28
twice,"adv.两次,两倍",twaɪs,twais,,,unit-28
twin,"n.双胞胎中一人,孪生子adj.双胞胎的,一对的,相似的vi.生双胞胎,成对vt.孪生,使成对",twɪn,twin,,,unit-28
type,"n.类型,典型,模范,[印刷]活字,铅字v.打字,测定(血等)类型",taɪp,taip,,,unit-28
ugly,"adj.丑陋的,难看的",`ʌglɪ,ˈʌɡli,,,unit-28
umbrella,"n.伞,雨伞,庇护",ʌm`brɛlə,ʌmˈbrelə,,,unit-28
under," prep.在...之下,在...之内,在...领导下,低于,假借adv.在下",`ʌndɚ,ˈʌndə,,,unit-28
underground,"adj.地下的,地面下的,秘密的n.[英] 地铁adv.在地下,秘密地",`ʌndɚ`graʊnd,ˈʌndəɡraund,,,unit-28
understand,"v.懂,了解,听说,推定,以为,省略",ˌʌndɚ`stænd,ˌʌndəˈstænd,,,unit-28
until," prep.到...为止,在...以前 conj.到...为止,在...以前,直到...才",ən`tɪl,ənˈtil,,,unit-28
upset,"vt.颠覆,推翻,扰乱,使不适,使心烦vi.翻倒,倾覆n.翻倒,混乱",ʌp`sɛt,ʌpˈset,,,unit-28
upstairs,"adv.向楼上,在楼上,上楼adj.楼上的",`ʌp`stɛrz,ˌʌpˈstɛəz,,,unit-28
upwards,"adv.以上,向上",`ʌpwɚdz,ˈʌpwə:dz,,,unit-28
use,"vt.使用,利用,耗费n.使用,利用,用途,效用,使用价值",,,,,unit-28
useful,"adj.有用的,有益的,有帮手的",`jusfəl,ˈju:sful,,,unit-28
vacation,"n.假期,休假,(房屋等的)腾出v.<美>度假,休假","ve`keʃən,və_",vəˈkeiʃən,,,unit-28
valley,"n.(山)谷,流域",`vælɪ,ˈvæli,,,unit-29
van,,,,,,unit-29
vase,"n.花瓶,瓶","ves,vez,vɑz",vɑ:z,,,unit-29
vegetable,"n.蔬菜,植物,生活呆板单调的人adj.蔬菜的,植物的","`vɛdʒtəbl,`vɛdʒə_","ˈvedʒtəbl,ˈvedʒə_",,,unit-29
very,"adv.很,甚,及其,非常,完全adj.真正的,真实的,恰好的,绝对的,十足的,特别的",`vɛrɪ,ˈveri,,,unit-29
vest,"n.汗衫,背心,内衣vt.使穿衣服,授予vi.穿衣服,归属",vɛst,vest,,,unit-29
video,"n.电视,录象,视频",`vɪdɪˌo,ˈvidiou,,,unit-29
village,"n.乡村,村庄adj.村庄的",`vɪlɪdʒ,ˈvilidʒ,,,unit-29
violin,"n.小提琴,小提琴手",ˌvaɪə`lɪn,ˌvaiəˈlin,,,unit-29
visit,"n.拜访,访问,游览,参观,(作客)逗留,视察,调查vt.拜访,访问,参观,视察,降临vi.访问,参观,闲谈",`vɪzɪt,ˈvizit,,,unit-29
voice,"n.声音,嗓音,发音能力,意见,发言权,[语法]语态vt.表达,吐露",vɔɪs,vɔis,,,unit-29
wait,"v.(～ for)等待,等候n.等待,等待时间",wet,weit,,,unit-29
waiter,"n.侍者,服务员",`wetɚ,ˈweitə,,,unit-29
wake,"vt.叫醒,激发vi.醒来,醒着,警觉,振奋n.醒,守夜,尾迹,(人,车等经过的)痕迹,守丧",wek,weik,,,unit-29
walk,"vi.步,行,走n.步行,散步,步,行道",wɔk,wɔ:k,,,unit-29
wall,"n.墙壁,围墙,似墙之物adj.墙壁的vt.围以墙",wɔl,wɔ:l,,,unit-29
wallet,"n.皮夹,钱夹,钓鱼带","`wɑlɪt,`wɔl_",ˈwɔlit,,,unit-29
want,"vt.想要,希望,需要,短缺,缺少n.需要,短缺","wɑnt,wɔnt",wɔnt,,,unit-29
war,"n.战争vi.作战,打仗",wɔr,wɔ:,,,unit-29
warm,"adj.暖和的,暖的,温暖的,色情的,激烈的,热烈的,多情的,兴奋的adv.(常用以构成复合词)暖和地vt.使温暖,弄热,使兴奋,使热烈vi.变暖和,变温暖,激动,同情,爱好n.暖,保暖物",wɔrm,wɔ:m,,,unit-29
wash,"n.洗,洗涤,冲洗,洗涤剂,洼地,洗的衣服,冲积物vt.洗,洗涤,洗清,粉刷,冲出,弄湿,流过,镀金于vi.洗涤,洗澡,被冲蚀,漂浮adj.耐洗的,(证券交易)虚假的","wɑʃ,wɔʃ",wɔʃ,,,unit-29
washroom,"n.盥洗室,<美>厕所",,,,,unit-29
waste,"n.废物,浪费,损耗,消耗,地面风化物,垃圾,荒地adj.废弃的,荒芜的,多余的vt.浪费,消耗,使荒芜vi.被浪费,挥霍钱财,变消瘦,被损耗",west,weist,,,unit-29
watch,"n.注视,注意,手表,看守,守护,监视,值班人vt.看,注视,照顾,监视,警戒,守护,看守vi.观看,注视,守侯adj.手表的,挂表的","wɑtʃ,wɔtʃ",wɔtʃ,,,unit-29
water,"n.水,雨水,海水,水位,水面,流体vt.喷淋,供以水,注入水,使湿vi.流泪,加水adj.水的,水上的,水生的,含水的","`wɔtɚ,`wɑtɚ",ˈwɔ:tə,,,unit-29
waterfall,"n.瀑布,瀑布似的东西",`wɔtɚˌfɔl,ˈwɔ:təfɔ:l,,,unit-29
wave,"n.波,波浪,(挥手)示意,致意vi.(挥手)示意,致意,波动,飘动,摇动",wev,weiv,,,unit-29
way,"n.路,路线,路途,习惯,行业,规模,道路,情形adj.中途,途中的adv.远远地,大大地,非常",we,wei,,,unit-29
weak,"adj.不牢固的,弱的,虚弱的,软弱的,淡的,疲软的,无力的,不耐用的",wik,wi:k,,,unit-29
wear,"vt.穿,戴v.(～ out) 磨损,用旧,(～ out) 穿着",wɛr,wɛə,,,unit-29
weather,"n.天气,气候,气象,处境adj.迎风的,露天的vt.使受风吹雨打,侵蚀,使风化,经受住vi.风化,受侵蚀,经受风雨",`wɛðɚ,ˈweðə,,,unit-29
website,WWW(环球网)的站点,,,,,unit-29
week,"n.星期,周",wik,wi:k,,,unit-29
weekend,"n.周末,周末休假adj.周末的vi.度周末的",`wik`ɛnd,ˌwi:kˈend,,,unit-29
weight,"n.重力,重量,分量,砝码,重要(性),势力,负担,重累",wet,weit,,,unit-29
welcome,n.欢迎vt.欢迎int.欢迎adj.受欢迎的,`wɛlkəm,ˈwelkəm,,,unit-29
well,"n.井vi.涌出adj.健康的,良好的,适当的adv.好,满意地,充分地,彻底地,有理地,适当地,夸奖地int.唔,咳",wɛl,wel,,,unit-29
wet,"adj.湿的,潮湿的,有雨的,多雨的vt.弄湿",wɛt,wet,,,unit-29
whale,n.鲸v.捕鲸,"hwel,wel","weil,hweil",,,unit-29
wheel,"n.轮,车轮,轮子","hwil,wil","wi:l,hwi:l",,,unit-30
while,"n.一会儿,时间 conj.当...的时候,虽然vt.消磨 prep.<古><方>直到","hwaɪl,waɪl","wail,hwail",,,unit-30
whole,"n.全部,全体,整体,完全之体系adj.所有的,完整的,完全的,纯粹的,未损伤的,未打破的adv.完全,整个",,,,,unit-30
wide,"adj.宽的,广阔的,张大的,远离目标的adv.广阔地,广大地,远离目标地",waɪd,waid,,,unit-30
wife,n.妻子,waɪf,waif,,,unit-30
wild,"adj.野性的,野生的,野蛮的,狂热的,疯狂的",waɪld,waild,,,unit-30
will,"n.意志,决心,意向,遗嘱v.aux.将,愿意,必须",wɪl,wil,,,unit-30
win,"v.(获)胜,赢得,劝诱,取得胜利n.赢,胜利",wɪn,win,,,unit-30
wind,"n.风v.绕,缠,上发条,旋紧",waɪnd,waind,,,unit-30
window,"n.窗,窗口",`wɪndo,ˈwindou,,,unit-30
windy,"adj.有风的,刮风的,多风的,风强的,腹胀的,吹牛的",`wɪndɪ,ˈwindi,,,unit-30
wing,"n.翅,翅膀,翼,飞翔,机翼,派别vt.装以翼,飞过,使飞,空运,增加...速度vi.飞,飞行",wɪŋ,wiŋ,,,unit-30
winter,"n.冬,冬季,萧条期,衰退期adj.冬天的vt.对...进行冬天保护vi.过冬",`wɪntɚ,ˈwintə,,,unit-30
wish,"n.愿望,心愿,请求,所愿望的事物,祝愿v.希望,想要,但愿,祝贺",wɪʃ,wiʃ,,,unit-30
wise,"adj.英明的,明智的,慎虑的,聪明的,博学的,明白的,贤明的,狡猾的vi.知道vt.告诉,劝导n.方法,方式",waɪz,waiz,,,unit-30
with," prep.有,以,用,同...,由于,和...一致,赞成,关于,就","wɪð,wɪθ","wið,wiθ",,,unit-30
without," prep.没有,不,(表条件)如果没有,要没有adv.在外,在屋外","wɪð`aʊt,wɪθ",wiˈðaut,,,unit-30
wolf,"n.狼,残忍贪婪之人,极度的穷困vt.狼吞虎咽,大吃vi.猎狼",,,,,unit-30
woman,"n.女人,妇女,女仆adj.女人的,女性的,妇女的vt.为...配备妇女,使成女人腔",`wʊmən,ˈwumən,,,unit-30
wonder,"n.奇迹,惊奇,惊愕vt.对...感到惊讶,惊奇,想知道vi.惊讶,怀疑adj.非凡的,奇妙的",`wʌndɚ,ˈwʌndə,,,unit-30
wonderful,"adj.令人惊奇的,奇妙的,极好的,令人愉快的",`wʌndɚfəl,ˈwʌndəfəl,,,unit-30
word,"n.字,词,话,消息,诺言,命令vt.为...措辞",wʒd,wə:d,,,unit-30
work,"n.工作,劳动,操作,职业,[物]功,手工,作品,机件v.(使)工作,(使)运转,起作用,造成,产生,经营,(使)渐渐移动,煅制",wʒk,wə:k,,,unit-30
worker,n.工人,`wʒkɚ,ˈwə:kə,,,unit-30
world,"n.世界,...界,世事,世故,社会adj.世界的",wʒld,wə:ld,,,unit-30
worry,"n.烦恼,忧虑,苦恼,撕咬vt.使烦恼,使焦虑,使苦恼,撕咬,困扰,折磨vi.烦恼,担心,撕咬,挣扎着前进",`wʒi,ˈwʌri,,,unit-30
worry,"n.烦恼,忧虑,苦恼,撕咬vt.使烦恼,使焦虑,使苦恼,撕咬,困扰,折磨vi.烦恼,担心,撕咬,挣扎着前进",`wʒi,ˈwʌri,,,unit-30
would,"v.aux.will的过去式,将,愿意",,,,,unit-30
write,"vt.书写,著述,写,写满,写信给vi.写,写字,写信,写作,作曲",raɪt,rait,,,unit-30
year,"n.年,年龄,年岁",jɪr,"jə:,jiə",,,unit-30
yes,adv.n.是,jɛs,jes,,,unit-30
yesterday,n.昨天adv.昨天,"`jɛstɚdɪ,-ˌde","ˈjestədi,_dei",,,unit-30
yet,"adv.仍,至今,益发,更 conj.然而,但是",jɛt,jet,,,unit-30
young,"adj.年轻的,年纪小的,没有经验的,尚早的,初期的n.(动物的)崽,仔",,,,,unit-30
yummy,n.美味,`jʌmɪ,ˈjʌmi,,,unit-30
zoo,n.动物园,,,,,unit-30
